"[1, 6, 5, 0, 0, 4, 4, 1, 2, 0, 3, 0, 7, 7, 0, 2, 7, 7, 7, 3, 6, 2, 5, 4, 5, 1, 3, 3]",35.11529541,34.63467407
"[1, 4, 5, 0, 0, 1, 1, 5, 0, 3, 3, 0, 4, 7, 6, 5, 2, 2, 7, 4, 2, 3, 7, 6, 4, 1, 5, 1]",32.69583893,32.83954239
"[0, 2, 7, 4, 1, 0, 3, 3, 1, 2, 5, 2, 4, 1, 6, 2, 0, 7, 1, 3, 2, 7, 7, 6, 7, 2, 4, 7]",33.95494843,33.44262314
"[1, 3, 0, 6, 2, 0, 0, 4, 1, 0, 3, 7, 3, 6, 3, 6, 3, 3, 5, 2, 4, 5, 0, 1, 2, 2, 5, 2]",35.23601532,33.7193985
"[2, 5, 4, 3, 4, 5, 7, 2, 5, 3, 1, 5, 6, 3, 2, 1, 4, 2, 5, 3, 5, 6, 3, 5, 1, 1, 6, 1]",33.64899063,33.97372055
"[0, 0, 7, 2, 3, 4, 5, 1, 6, 2, 5, 0, 3, 7, 7, 7, 4, 4, 1, 0, 2, 5, 7, 5, 4, 0, 0, 7]",29.64169502,29.30578995
"[4, 5, 3, 4, 5, 0, 3, 5, 0, 5, 4, 0, 7, 0, 2, 4, 6, 4, 2, 7, 7, 4, 7, 7, 1, 1, 3, 5]",33.53838348,30.49398804
"[2, 0, 5, 0, 0, 7, 5, 3, 3, 4, 5, 0, 2, 5, 3, 4, 2, 5, 5, 7, 7, 1, 4, 6, 6, 2, 3, 6]",33.68505096,33.78722382
"[6, 5, 5, 6, 6, 5, 5, 0, 6, 0, 4, 0, 0, 5, 2, 4, 3, 3, 3, 6, 4, 6, 4, 1, 2, 5, 1, 7]",30.07879257,29.21022224
"[1, 3, 4, 3, 1, 7, 0, 7, 4, 6, 0, 6, 0, 5, 5, 3, 5, 2, 6, 6, 3, 4, 5, 6, 7, 6, 4, 7]",34.28529739,33.64081955
"[0, 4, 4, 2, 4, 1, 4, 4, 4, 6, 2, 1, 4, 1, 4, 2, 4, 6, 6, 0, 3, 4, 7, 1, 3, 7, 3, 4]",34.66999054,34.12487793
"[3, 1, 6, 5, 3, 7, 7, 1, 6, 1, 6, 5, 0, 1, 0, 3, 2, 2, 7, 4, 4, 6, 3, 4, 7, 1, 5, 4]",inf,27.68263245
"[7, 6, 1, 7, 7, 2, 6, 1, 6, 1, 5, 1, 0, 2, 1, 1, 5, 4, 6, 6, 7, 6, 1, 1, 7, 3, 5, 2]",33.33230209,33.27153015
"[6, 5, 1, 1, 5, 0, 1, 3, 3, 4, 0, 3, 2, 6, 5, 7, 1, 3, 1, 1, 6, 3, 3, 3, 7, 0, 2, 4]",32.26086426,32.59134293
"[2, 3, 1, 2, 7, 7, 2, 4, 6, 6, 2, 6, 6, 5, 1, 0, 0, 6, 3, 1, 4, 4, 1, 4, 3, 2, 5, 0]",inf,30.80637741
"[3, 1, 1, 2, 3, 6, 5, 2, 1, 6, 7, 2, 1, 3, 6, 5, 5, 7, 0, 6, 5, 1, 4, 2, 2, 3, 7, 4]",33.51988983,32.1004715
"[3, 5, 4, 2, 6, 7, 5, 2, 7, 4, 7, 6, 3, 6, 0, 7, 4, 7, 7, 0, 2, 3, 2, 1, 0, 1, 0, 2]",29.68370819,28.35330963
"[4, 7, 0, 5, 0, 7, 7, 7, 4, 2, 2, 4, 4, 0, 5, 3, 6, 7, 4, 4, 4, 7, 1, 7, 7, 1, 0, 1]",34.12874222,33.75520325
"[7, 6, 6, 4, 7, 2, 0, 7, 4, 4, 1, 3, 1, 3, 1, 1, 4, 3, 4, 7, 5, 2, 1, 5, 3, 1, 5, 0]",35.5298233,34.65341187
"[4, 0, 5, 0, 7, 2, 1, 4, 6, 3, 7, 6, 4, 0, 0, 3, 4, 5, 3, 6, 6, 4, 4, 6, 7, 2, 5, 0]",33.59920883,33.08845139
"[1, 7, 5, 1, 3, 4, 5, 7, 1, 3, 5, 6, 2, 2, 0, 2, 0, 7, 4, 1, 1, 4, 6, 0, 2, 2, 6, 5]",35.22927094,34.13588333
"[4, 3, 7, 0, 6, 2, 1, 0, 7, 0, 5, 4, 0, 0, 0, 0, 1, 0, 5, 7, 6, 1, 5, 7, 0, 2, 6, 1]",34.80437469,34.09289169
"[6, 6, 4, 1, 6, 2, 3, 7, 4, 0, 3, 5, 0, 4, 0, 3, 5, 6, 6, 2, 1, 5, 2, 2, 2, 2, 7, 0]",34.57606506,33.59869385
"[0, 5, 0, 6, 4, 7, 7, 3, 3, 6, 0, 3, 3, 7, 4, 0, 1, 5, 5, 5, 3, 7, 5, 5, 0, 3, 7, 2]",29.38762283,28.24048233
"[7, 4, 7, 5, 5, 2, 3, 7, 4, 3, 6, 2, 2, 5, 7, 4, 6, 5, 5, 5, 2, 1, 4, 0, 2, 5, 4, 4]",33.18611145,32.79550171
"[3, 4, 4, 3, 3, 5, 0, 2, 2, 3, 0, 0, 2, 3, 4, 5, 5, 3, 1, 3, 2, 0, 4, 0, 2, 0, 4, 1]",34.14093781,33.07106781
"[4, 5, 4, 0, 4, 4, 6, 6, 2, 6, 2, 2, 1, 1, 0, 5, 6, 1, 4, 3, 1, 0, 2, 0, 7, 5, 4, 1]",33.5524826,33.05190659
"[2, 1, 0, 2, 7, 6, 3, 5, 3, 0, 2, 7, 4, 4, 3, 6, 4, 1, 7, 3, 1, 1, 3, 2, 7, 4, 1, 5]",34.78743362,34.1141243
"[5, 2, 0, 4, 3, 5, 1, 2, 2, 3, 7, 4, 5, 2, 2, 5, 0, 3, 4, 5, 6, 2, 4, 5, 1, 6, 0, 5]",34.03024673,26.12639046
"[4, 7, 3, 7, 0, 3, 6, 7, 1, 5, 1, 1, 1, 5, 1, 6, 5, 0, 3, 1, 0, 6, 2, 5, 0, 3, 3, 5]",34.09173965,33.8675766
"[0, 0, 7, 3, 5, 3, 4, 6, 6, 5, 5, 5, 7, 6, 4, 0, 6, 0, 5, 6, 5, 1, 6, 0, 2, 5, 3, 5]",33.54857635,27.95401764
"[0, 5, 5, 1, 0, 0, 6, 4, 7, 6, 3, 1, 3, 7, 5, 3, 7, 6, 4, 3, 5, 4, 5, 4, 1, 7, 1, 6]",34.10505295,33.49542999
"[7, 5, 3, 7, 5, 1, 4, 2, 6, 5, 3, 0, 7, 6, 6, 6, 2, 2, 5, 1, 7, 1, 4, 7, 4, 0, 5, 4]",29.82467079,28.18861961
"[0, 3, 1, 1, 0, 5, 6, 6, 7, 3, 1, 7, 1, 4, 2, 4, 3, 1, 2, 7, 2, 3, 7, 7, 2, 6, 7, 0]",34.88142776,34.47726822
"[2, 4, 4, 0, 5, 4, 1, 2, 6, 7, 3, 5, 7, 0, 0, 4, 3, 2, 2, 7, 4, 6, 3, 4, 6, 7, 6, 2]",34.94195557,34.3374939
"[1, 1, 0, 2, 4, 1, 6, 4, 3, 6, 6, 5, 1, 7, 0, 1, 0, 6, 6, 1, 5, 2, 1, 0, 7, 4, 2, 3]",34.54674911,33.77000809
"[6, 3, 0, 0, 6, 6, 2, 3, 5, 2, 0, 3, 1, 0, 6, 6, 2, 7, 0, 4, 7, 0, 0, 6, 7, 2, 6, 6]",34.31749344,30.25034142
"[2, 7, 5, 5, 1, 6, 3, 0, 0, 3, 0, 5, 1, 7, 7, 5, 3, 3, 7, 7, 4, 1, 3, 0, 6, 2, 1, 4]",34.83825302,32.83733368
"[3, 2, 7, 0, 5, 2, 4, 4, 4, 0, 4, 0, 3, 0, 0, 0, 7, 4, 3, 5, 1, 3, 2, 7, 2, 6, 4, 6]",34.38243484,34.31455994
"[5, 6, 2, 5, 0, 6, 1, 6, 0, 1, 0, 1, 1, 2, 5, 0, 2, 3, 2, 3, 5, 5, 2, 7, 6, 2, 1, 3]",34.67322159,34.82697296
"[7, 7, 0, 5, 4, 0, 0, 2, 1, 0, 6, 6, 6, 4, 2, 5, 1, 0, 1, 3, 4, 1, 7, 3, 1, 0, 1, 3]",35.65920639,35.00669861
"[2, 5, 0, 5, 2, 5, 1, 5, 2, 6, 5, 5, 3, 4, 4, 5, 6, 2, 3, 5, 7, 1, 0, 0, 6, 0, 2, 7]",29.11499786,26.89904404
"[2, 3, 5, 0, 4, 0, 1, 6, 1, 2, 6, 1, 7, 7, 6, 5, 1, 0, 5, 2, 0, 5, 1, 3, 3, 0, 1, 4]",34.48918915,34.4486084
"[4, 4, 4, 5, 0, 0, 0, 0, 4, 2, 1, 7, 5, 6, 4, 3, 4, 7, 3, 3, 7, 4, 1, 1, 2, 3, 3, 0]",33.24976349,32.51985168
"[0, 2, 2, 1, 5, 2, 4, 3, 2, 3, 2, 4, 3, 4, 7, 0, 2, 0, 4, 6, 5, 6, 7, 4, 4, 4, 0, 7]",30.1213131,29.27781677
"[0, 2, 7, 6, 7, 2, 4, 3, 1, 4, 7, 3, 5, 1, 5, 2, 5, 3, 5, 3, 5, 1, 3, 1, 3, 7, 2, 3]",33.87149048,33.57733536
"[3, 0, 1, 5, 6, 4, 1, 7, 2, 0, 2, 2, 5, 4, 5, 5, 6, 1, 7, 3, 2, 6, 2, 6, 1, 4, 5, 7]",35.49996185,34.77848816
"[2, 1, 6, 0, 3, 1, 2, 1, 1, 6, 3, 7, 7, 7, 1, 0, 4, 3, 2, 4, 5, 1, 0, 2, 3, 6, 2, 4]",32.08735657,32.38144684
"[6, 5, 4, 4, 5, 1, 5, 1, 4, 1, 6, 1, 0, 7, 1, 4, 2, 7, 3, 0, 4, 0, 6, 2, 4, 3, 1, 1]",34.25285721,33.88995743
"[2, 3, 7, 4, 4, 2, 2, 2, 4, 6, 7, 6, 4, 2, 1, 7, 5, 3, 7, 7, 5, 5, 3, 4, 6, 2, 4, 3]",34.80341721,34.38153076
"[0, 6, 5, 6, 2, 6, 6, 0, 5, 5, 4, 6, 4, 4, 3, 0, 6, 4, 3, 6, 7, 2, 4, 2, 6, 1, 4, 5]",34.04797363,33.61325073
"[7, 1, 6, 0, 4, 0, 0, 6, 0, 2, 6, 3, 3, 4, 4, 1, 0, 4, 1, 2, 5, 4, 7, 3, 7, 4, 2, 4]",35.35349655,34.90963745
"[4, 0, 4, 1, 7, 6, 5, 7, 3, 0, 0, 5, 5, 6, 4, 3, 4, 1, 1, 2, 2, 0, 6, 1, 2, 7, 6, 4]",35.13636017,34.442276
"[7, 5, 1, 5, 1, 2, 5, 1, 3, 5, 3, 7, 0, 1, 7, 2, 4, 4, 4, 5, 2, 7, 0, 3, 4, 5, 3, 5]",inf,32.12747192
"[5, 3, 0, 6, 4, 2, 7, 0, 7, 5, 3, 7, 4, 7, 2, 5, 1, 2, 0, 4, 2, 3, 4, 5, 2, 0, 4, 5]",33.85212326,32.11954498
"[6, 2, 7, 1, 6, 7, 6, 0, 1, 6, 2, 3, 0, 0, 3, 4, 6, 2, 1, 6, 5, 7, 6, 2, 0, 7, 3, 0]",34.85586548,34.67129898
"[3, 2, 2, 3, 7, 0, 4, 0, 4, 5, 1, 5, 5, 7, 0, 5, 7, 5, 5, 1, 7, 3, 4, 3, 3, 3, 5, 2]",35.04979706,34.51059723
"[2, 7, 7, 6, 6, 4, 0, 4, 2, 1, 2, 5, 1, 0, 6, 5, 6, 7, 5, 7, 7, 4, 6, 5, 7, 7, 5, 0]",34.63968277,33.3809433
"[1, 1, 0, 2, 0, 5, 2, 2, 6, 4, 1, 6, 3, 1, 7, 6, 3, 3, 2, 2, 4, 7, 2, 3, 0, 0, 6, 2]",34.38302231,33.72366333
"[6, 5, 1, 2, 1, 0, 7, 5, 5, 1, 3, 3, 7, 4, 3, 6, 6, 2, 3, 2, 5, 3, 3, 2, 1, 5, 2, 4]",29.15473747,28.60923958
"[5, 5, 1, 3, 3, 1, 6, 1, 4, 2, 5, 7, 7, 6, 2, 4, 7, 5, 6, 5, 4, 0, 0, 6, 7, 5, 7, 4]",29.3207531,26.36565208
"[2, 3, 5, 3, 2, 7, 4, 1, 1, 2, 5, 4, 4, 0, 5, 2, 5, 1, 6, 3, 1, 5, 2, 2, 7, 6, 4, 3]",32.62783813,32.29369736
"[3, 4, 6, 6, 3, 0, 2, 1, 6, 5, 3, 7, 5, 2, 3, 2, 5, 7, 1, 3, 7, 2, 5, 3, 2, 7, 0, 1]",32.91926956,30.19420433
"[3, 0, 0, 1, 5, 2, 2, 7, 2, 3, 5, 5, 7, 3, 5, 3, 4, 5, 4, 1, 6, 0, 6, 6, 5, 3, 7, 1]",34.10167694,30.51963234
"[6, 1, 4, 1, 4, 7, 6, 2, 4, 1, 2, 4, 0, 3, 2, 3, 6, 0, 0, 3, 2, 4, 3, 1, 5, 0, 0, 6]",34.50547028,34.1407814
"[7, 4, 3, 2, 2, 4, 6, 7, 4, 3, 2, 4, 0, 6, 1, 2, 6, 4, 7, 1, 0, 3, 1, 1, 2, 1, 4, 7]",34.74908066,34.13662338
"[3, 7, 6, 5, 3, 3, 2, 7, 5, 4, 7, 1, 3, 4, 6, 4, 7, 6, 2, 7, 6, 3, 3, 2, 1, 4, 7, 5]",35.17534637,33.20908356
"[4, 5, 5, 0, 3, 3, 2, 3, 6, 1, 0, 6, 0, 4, 2, 1, 3, 1, 7, 7, 2, 3, 4, 5, 3, 3, 3, 2]",33.30122757,32.84412766
"[3, 1, 2, 5, 3, 3, 0, 4, 0, 3, 7, 7, 2, 2, 1, 0, 5, 5, 6, 4, 0, 2, 7, 0, 7, 2, 7, 5]",inf,31.44111633
"[4, 4, 5, 2, 5, 3, 6, 2, 4, 3, 5, 0, 5, 2, 3, 5, 1, 6, 1, 1, 5, 2, 0, 5, 7, 5, 4, 6]",29.23696899,28.16832733
"[0, 6, 4, 2, 6, 2, 6, 2, 0, 4, 3, 4, 6, 3, 3, 3, 2, 6, 3, 1, 4, 5, 4, 6, 4, 5, 3, 0]",33.96336365,33.36936569
"[3, 3, 1, 6, 7, 3, 4, 0, 5, 1, 6, 3, 2, 2, 0, 0, 3, 0, 5, 1, 0, 7, 7, 7, 3, 4, 4, 5]",inf,34.49703217
"[7, 6, 0, 6, 2, 0, 0, 6, 4, 2, 1, 6, 5, 5, 1, 0, 2, 1, 5, 2, 5, 2, 5, 7, 1, 0, 1, 0]",35.40684891,35.20614624
"[2, 6, 4, 2, 1, 1, 0, 7, 6, 4, 1, 4, 3, 6, 5, 3, 5, 6, 2, 3, 5, 4, 7, 3, 6, 7, 4, 0]",34.77647018,34.48985291
"[0, 7, 7, 5, 3, 4, 3, 7, 0, 1, 3, 1, 7, 5, 2, 7, 3, 4, 0, 5, 2, 2, 7, 2, 0, 3, 7, 7]",34.93644714,33.38824463
"[1, 7, 2, 6, 1, 1, 6, 7, 2, 4, 1, 7, 3, 0, 3, 1, 0, 5, 3, 2, 3, 2, 1, 1, 0, 3, 7, 6]",34.20318222,33.79117584
"[2, 7, 2, 5, 7, 1, 5, 6, 3, 3, 0, 0, 0, 6, 7, 2, 4, 3, 5, 4, 5, 2, 3, 1, 5, 6, 6, 2]",33.98558426,33.46689606
"[0, 6, 2, 0, 0, 6, 7, 6, 1, 5, 5, 2, 7, 4, 6, 4, 1, 7, 7, 6, 2, 1, 2, 5, 0, 7, 4, 4]",34.1238327,31.53700447
"[2, 4, 2, 0, 0, 4, 7, 5, 3, 0, 7, 4, 7, 6, 6, 6, 2, 7, 4, 4, 0, 7, 2, 7, 2, 0, 2, 3]",34.76407623,33.40838242
"[0, 0, 7, 4, 2, 1, 5, 5, 0, 3, 2, 6, 6, 0, 2, 5, 3, 4, 4, 3, 3, 6, 0, 1, 0, 1, 0, 4]",33.36287689,32.63847351
"[0, 2, 1, 5, 2, 7, 4, 2, 6, 3, 3, 6, 2, 5, 6, 5, 4, 3, 0, 3, 6, 4, 6, 1, 5, 0, 1, 7]",33.00396729,25.55472374
"[3, 4, 5, 0, 7, 2, 1, 0, 6, 1, 0, 6, 3, 6, 6, 4, 4, 1, 4, 1, 4, 6, 1, 1, 0, 6, 0, 2]",34.34627914,33.97446823
"[5, 1, 2, 2, 0, 6, 1, 7, 3, 2, 5, 1, 3, 4, 2, 2, 4, 1, 0, 1, 5, 3, 5, 5, 0, 2, 7, 0]",33.51725006,32.37758636
"[2, 0, 3, 4, 0, 7, 3, 7, 3, 0, 0, 4, 3, 2, 4, 1, 4, 2, 0, 4, 2, 4, 1, 7, 4, 3, 3, 5]",34.96366119,34.15581131
"[0, 7, 0, 4, 5, 5, 4, 4, 5, 1, 5, 5, 5, 4, 0, 7, 7, 3, 2, 7, 3, 7, 0, 1, 2, 5, 3, 3]",29.98372269,30.32211494
"[2, 7, 2, 3, 2, 2, 6, 4, 0, 5, 6, 4, 7, 6, 3, 7, 0, 3, 7, 1, 0, 3, 2, 6, 1, 0, 0, 3]",34.3319397,30.35930634
"[0, 0, 6, 0, 2, 3, 7, 3, 0, 0, 2, 3, 7, 1, 5, 7, 7, 2, 3, 0, 2, 4, 6, 2, 3, 6, 5, 4]",33.54543304,33.52301407
"[4, 2, 7, 6, 5, 7, 4, 5, 0, 7, 7, 3, 3, 2, 5, 4, 7, 4, 4, 2, 3, 7, 1, 0, 5, 5, 3, 2]",34.96038818,34.20090103
"[4, 2, 2, 2, 2, 7, 3, 5, 1, 4, 0, 0, 2, 7, 3, 6, 6, 7, 3, 5, 7, 3, 5, 0, 5, 1, 4, 4]",32.85836029,33.26517487
"[7, 1, 7, 3, 5, 6, 0, 4, 0, 1, 5, 2, 5, 1, 3, 2, 6, 4, 2, 1, 0, 0, 6, 3, 1, 6, 2, 4]",34.36221313,34.03686523
"[7, 6, 7, 0, 2, 0, 4, 1, 0, 3, 7, 6, 0, 2, 2, 5, 5, 3, 2, 2, 2, 2, 6, 4, 5, 6, 4, 4]",34.989151,33.29598236
"[2, 4, 4, 0, 5, 4, 6, 1, 0, 6, 3, 4, 2, 5, 2, 6, 1, 7, 4, 3, 2, 0, 1, 5, 1, 3, 6, 4]",33.51264572,32.09251022
"[2, 2, 0, 6, 2, 4, 6, 5, 6, 1, 2, 0, 1, 5, 0, 5, 5, 7, 3, 3, 1, 1, 0, 0, 5, 6, 0, 3]",34.06877899,33.67322159
"[7, 3, 0, 0, 2, 1, 3, 7, 4, 6, 3, 4, 5, 4, 0, 3, 6, 0, 4, 7, 1, 1, 6, 5, 0, 7, 1, 0]",35.66197586,33.78771591
"[5, 2, 3, 1, 2, 1, 7, 1, 1, 1, 5, 4, 2, 7, 0, 7, 4, 5, 3, 3, 4, 3, 7, 1, 2, 0, 0, 0]",34.95989227,34.02436829
"[7, 2, 1, 7, 4, 2, 7, 7, 5, 3, 6, 5, 7, 7, 2, 5, 2, 7, 0, 3, 1, 6, 2, 0, 6, 3, 6, 6]",34.15145874,33.87347031
"[7, 5, 0, 6, 6, 5, 2, 2, 7, 4, 0, 5, 4, 1, 1, 6, 7, 1, 4, 2, 1, 1, 7, 5, 7, 1, 6, 3]",34.86237335,34.01883316
"[2, 3, 1, 7, 1, 0, 1, 6, 5, 2, 6, 6, 1, 3, 2, 3, 6, 4, 5, 0, 3, 6, 4, 6, 0, 4, 1, 0]",34.68804932,33.73525238
"[5, 2, 6, 2, 4, 5, 5, 2, 7, 1, 2, 4, 0, 3, 0, 4, 0, 5, 0, 1, 0, 4, 7, 2, 3, 7, 1, 6]",35.03826141,34.46048737
"[7, 0, 2, 7, 4, 4, 3, 3, 6, 7, 4, 7, 6, 6, 3, 7, 6, 1, 0, 2, 7, 0, 6, 2, 4, 1, 5, 3]",33.3980217,32.98800659
"[7, 5, 5, 6, 5, 5, 7, 3, 7, 1, 7, 1, 3, 6, 3, 5, 0, 6, 1, 7, 1, 7, 7, 1, 7, 6, 0, 7]",35.30941772,34.42107391
"[7, 1, 6, 4, 7, 7, 7, 5, 0, 4, 0, 4, 1, 4, 6, 0, 3, 3, 1, 6, 7, 5, 4, 4, 4, 6, 5, 1]",35.42433167,34.6372757
"[1, 0, 5, 5, 1, 4, 4, 4, 3, 3, 2, 1, 0, 7, 5, 4, 1, 6, 2, 7, 1, 6, 2, 3, 1, 3, 5, 2]",33.57285309,30.84745216
"[0, 0, 7, 2, 5, 3, 3, 0, 1, 2, 2, 3, 1, 7, 0, 3, 1, 0, 7, 5, 6, 6, 5, 2, 5, 0, 5, 4]",32.34274673,32.16172028
"[0, 3, 1, 6, 7, 6, 5, 4, 4, 2, 1, 7, 3, 7, 2, 1, 7, 7, 5, 3, 7, 6, 0, 2, 1, 2, 0, 4]",33.32951355,32.9378891
"[7, 0, 0, 6, 7, 1, 6, 0, 1, 7, 5, 4, 0, 3, 5, 2, 2, 3, 5, 2, 0, 3, 4, 7, 7, 7, 3, 1]",34.51268005,32.1678772
"[7, 4, 0, 4, 6, 1, 5, 3, 5, 1, 1, 6, 4, 1, 7, 4, 6, 2, 7, 0, 2, 5, 5, 7, 6, 0, 1, 0]",inf,34.64050293
"[1, 3, 4, 7, 6, 5, 2, 2, 7, 1, 6, 1, 7, 2, 6, 6, 5, 7, 7, 4, 0, 0, 3, 4, 0, 7, 4, 1]",35.42012787,34.24782181
"[7, 5, 1, 6, 5, 2, 5, 0, 2, 0, 2, 0, 0, 5, 1, 1, 5, 6, 2, 0, 0, 6, 3, 6, 3, 2, 3, 2]",28.41226768,28.64516449
"[2, 3, 4, 6, 5, 2, 7, 0, 6, 3, 2, 4, 6, 4, 6, 2, 3, 5, 7, 5, 6, 7, 1, 5, 1, 5, 5, 1]",29.18842506,24.86790085
"[0, 1, 3, 6, 6, 7, 7, 4, 4, 1, 5, 1, 6, 2, 2, 1, 6, 6, 0, 3, 6, 3, 1, 4, 4, 3, 6, 2]",32.76914597,31.74562645
"[2, 4, 6, 1, 6, 6, 6, 2, 4, 4, 7, 7, 7, 1, 2, 1, 3, 7, 2, 6, 6, 6, 3, 3, 1, 6, 7, 5]",34.10272217,33.76786041
"[5, 3, 0, 2, 0, 0, 0, 3, 1, 7, 4, 4, 1, 6, 0, 3, 7, 3, 2, 0, 0, 3, 3, 0, 3, 2, 5, 0]",34.27728271,34.00246811
"[1, 5, 5, 6, 3, 6, 1, 6, 4, 7, 1, 6, 3, 1, 7, 2, 7, 4, 4, 6, 7, 3, 6, 4, 1, 7, 5, 4]",inf,33.38217545
"[0, 5, 2, 2, 4, 5, 2, 7, 2, 3, 1, 3, 3, 6, 4, 3, 7, 1, 6, 2, 1, 3, 1, 3, 7, 3, 2, 5]",29.35526848,23.34523773
"[2, 7, 3, 5, 3, 0, 4, 7, 1, 2, 6, 0, 3, 0, 3, 7, 0, 7, 2, 3, 0, 2, 0, 6, 4, 7, 7, 3]",35.47828293,34.28094864
"[3, 4, 2, 2, 6, 6, 4, 2, 0, 7, 1, 2, 3, 2, 1, 1, 0, 0, 3, 7, 6, 4, 0, 6, 2, 6, 5, 1]",34.2871666,33.7381134
"[2, 7, 5, 7, 2, 1, 7, 7, 7, 1, 3, 4, 4, 4, 4, 4, 3, 3, 3, 0, 3, 4, 4, 3, 1, 7, 1, 3]",34.44665909,32.53958893
"[1, 2, 1, 1, 5, 5, 1, 5, 2, 7, 4, 4, 2, 2, 0, 4, 2, 4, 6, 7, 1, 3, 2, 7, 1, 5, 1, 0]",33.95166397,33.77095795
"[6, 6, 2, 5, 4, 2, 7, 0, 0, 7, 1, 3, 5, 2, 5, 1, 0, 0, 5, 0, 3, 1, 6, 5, 1, 0, 7, 2]",34.64082336,34.40023041
"[0, 6, 1, 5, 7, 2, 6, 7, 3, 4, 1, 4, 6, 6, 2, 4, 0, 3, 3, 0, 0, 4, 2, 3, 2, 2, 5, 7]",35.00828171,33.93538666
"[4, 1, 3, 2, 7, 5, 4, 1, 7, 7, 3, 7, 7, 6, 2, 7, 3, 2, 2, 0, 2, 4, 4, 5, 1, 7, 6, 5]",34.73703003,34.04037094
"[0, 2, 0, 7, 0, 0, 5, 0, 3, 2, 6, 4, 7, 3, 7, 5, 5, 1, 7, 4, 6, 4, 2, 1, 7, 4, 2, 0]",33.67356873,33.70607758
"[0, 6, 6, 0, 1, 3, 1, 3, 7, 0, 1, 0, 6, 0, 5, 6, 0, 6, 6, 6, 0, 3, 3, 2, 0, 1, 4, 7]",34.65361404,34.42390823
"[1, 2, 6, 3, 3, 3, 5, 1, 5, 3, 3, 0, 4, 0, 4, 4, 0, 0, 4, 6, 3, 0, 4, 6, 4, 2, 5, 4]",35.0663147,33.78495789
"[4, 7, 7, 5, 4, 2, 5, 1, 5, 0, 4, 6, 6, 4, 3, 7, 0, 1, 1, 5, 6, 4, 6, 6, 3, 7, 3, 7]",33.71751404,33.21477127
"[5, 0, 7, 7, 1, 6, 3, 3, 0, 4, 2, 3, 1, 4, 1, 4, 2, 5, 6, 4, 2, 6, 5, 2, 7, 5, 6, 6]",33.80568314,33.66792297
"[4, 5, 4, 4, 3, 5, 5, 5, 5, 7, 6, 3, 5, 1, 3, 0, 6, 2, 5, 2, 0, 5, 3, 4, 7, 7, 2, 7]",34.99515915,33.25045776
"[7, 5, 0, 6, 6, 5, 2, 2, 7, 4, 0, 5, 4, 1, 1, 6, 7, 1, 4, 2, 1, 1, 7, 5, 7, 1, 6, 3]",34.65983582,33.34971619
"[2, 3, 1, 7, 1, 0, 1, 6, 5, 2, 6, 6, 1, 3, 2, 3, 6, 4, 5, 0, 3, 6, 4, 6, 0, 4, 1, 0]",35.18359756,34.69829178
"[5, 2, 6, 2, 4, 5, 5, 2, 7, 1, 2, 4, 0, 3, 0, 4, 0, 5, 0, 1, 0, 4, 7, 2, 3, 7, 1, 6]",35.36410522,33.75323868
"[7, 0, 2, 7, 4, 4, 3, 3, 6, 7, 4, 7, 6, 6, 3, 7, 6, 1, 0, 2, 7, 0, 6, 2, 4, 1, 5, 3]",33.52193069,33.75883865
"[7, 5, 5, 6, 5, 5, 7, 3, 7, 1, 7, 1, 3, 6, 3, 5, 0, 6, 1, 7, 1, 7, 7, 1, 7, 6, 0, 7]",35.47864532,34.86201096
"[7, 1, 6, 4, 7, 7, 7, 5, 0, 4, 0, 4, 1, 4, 6, 0, 3, 3, 1, 6, 7, 5, 4, 4, 4, 6, 5, 1]",35.08366394,34.63722229
"[1, 0, 5, 5, 1, 4, 4, 4, 3, 3, 2, 1, 0, 7, 5, 4, 1, 6, 2, 7, 1, 6, 2, 3, 1, 3, 5, 2]",33.79328156,33.58909607
"[0, 0, 7, 2, 5, 3, 3, 0, 1, 2, 2, 3, 1, 7, 0, 3, 1, 0, 7, 5, 6, 6, 5, 2, 5, 0, 5, 4]",33.05181122,30.67642975
"[0, 3, 1, 6, 7, 6, 5, 4, 4, 2, 1, 7, 3, 7, 2, 1, 7, 7, 5, 3, 7, 6, 0, 2, 1, 2, 0, 4]",31.70901108,31.06100845
"[7, 0, 0, 6, 7, 1, 6, 0, 1, 7, 5, 4, 0, 3, 5, 2, 2, 3, 5, 2, 0, 3, 4, 7, 7, 7, 3, 1]",34.50870895,31.88636208
"[7, 4, 0, 4, 6, 1, 5, 3, 5, 1, 1, 6, 4, 1, 7, 4, 6, 2, 7, 0, 2, 5, 5, 7, 6, 0, 1, 0]",34.4486618,33.60783005
"[1, 3, 4, 7, 6, 5, 2, 2, 7, 1, 6, 1, 7, 2, 6, 6, 5, 7, 7, 4, 0, 0, 3, 4, 0, 7, 4, 1]",35.32212067,33.84532928
"[7, 5, 1, 6, 5, 2, 5, 0, 2, 0, 2, 0, 0, 5, 1, 1, 5, 6, 2, 0, 0, 6, 3, 6, 3, 2, 3, 2]",28.37829399,27.177742
"[2, 3, 4, 6, 5, 2, 7, 0, 6, 3, 2, 4, 6, 4, 6, 2, 3, 5, 7, 5, 6, 7, 1, 5, 1, 5, 5, 1]",28.80576897,28.23010445
"[0, 1, 3, 6, 6, 7, 7, 4, 4, 1, 5, 1, 6, 2, 2, 1, 6, 6, 0, 3, 6, 3, 1, 4, 4, 3, 6, 2]",29.61998367,28.28628349
"[2, 4, 6, 1, 6, 6, 6, 2, 4, 4, 7, 7, 7, 1, 2, 1, 3, 7, 2, 6, 6, 6, 3, 3, 1, 6, 7, 5]",34.5284729,33.92991257
"[5, 3, 0, 2, 0, 0, 0, 3, 1, 7, 4, 4, 1, 6, 0, 3, 7, 3, 2, 0, 0, 3, 3, 0, 3, 2, 5, 0]",34.437603,33.89976883
"[1, 5, 5, 6, 3, 6, 1, 6, 4, 7, 1, 6, 3, 1, 7, 2, 7, 4, 4, 6, 7, 3, 6, 4, 1, 7, 5, 4]",34.07915878,33.91399384
"[0, 5, 2, 2, 4, 5, 2, 7, 2, 3, 1, 3, 3, 6, 4, 3, 7, 1, 6, 2, 1, 3, 1, 3, 7, 3, 2, 5]",29.00187492,23.5526123
"[2, 7, 3, 5, 3, 0, 4, 7, 1, 2, 6, 0, 3, 0, 3, 7, 0, 7, 2, 3, 0, 2, 0, 6, 4, 7, 7, 3]",35.63321304,34.73875809
"[3, 4, 2, 2, 6, 6, 4, 2, 0, 7, 1, 2, 3, 2, 1, 1, 0, 0, 3, 7, 6, 4, 0, 6, 2, 6, 5, 1]",34.48801804,33.33466721
"[2, 7, 5, 7, 2, 1, 7, 7, 7, 1, 3, 4, 4, 4, 4, 4, 3, 3, 3, 0, 3, 4, 4, 3, 1, 7, 1, 3]",33.82984924,33.36248016
"[1, 2, 1, 1, 5, 5, 1, 5, 2, 7, 4, 4, 2, 2, 0, 4, 2, 4, 6, 7, 1, 3, 2, 7, 1, 5, 1, 0]",33.49264526,33.62792587
"[6, 6, 2, 5, 4, 2, 7, 0, 0, 7, 1, 3, 5, 2, 5, 1, 0, 0, 5, 0, 3, 1, 6, 5, 1, 0, 7, 2]",34.38300705,33.32942963
"[0, 6, 1, 5, 7, 2, 6, 7, 3, 4, 1, 4, 6, 6, 2, 4, 0, 3, 3, 0, 0, 4, 2, 3, 2, 2, 5, 7]",35.11836243,34.62231445
"[4, 1, 3, 2, 7, 5, 4, 1, 7, 7, 3, 7, 7, 6, 2, 7, 3, 2, 2, 0, 2, 4, 4, 5, 1, 7, 6, 5]",34.5943718,34.02031708
"[0, 2, 0, 7, 0, 0, 5, 0, 3, 2, 6, 4, 7, 3, 7, 5, 5, 1, 7, 4, 6, 4, 2, 1, 7, 4, 2, 0]",34.04305649,33.54202652
"[0, 6, 6, 0, 1, 3, 1, 3, 7, 0, 1, 0, 6, 0, 5, 6, 0, 6, 6, 6, 0, 3, 3, 2, 0, 1, 4, 7]",34.57127762,33.93702316
"[1, 2, 6, 3, 3, 3, 5, 1, 5, 3, 3, 0, 4, 0, 4, 4, 0, 0, 4, 6, 3, 0, 4, 6, 4, 2, 5, 4]",35.04193115,32.89066315
"[4, 7, 7, 5, 4, 2, 5, 1, 5, 0, 4, 6, 6, 4, 3, 7, 0, 1, 1, 5, 6, 4, 6, 6, 3, 7, 3, 7]",34.30815887,33.4777565
"[5, 0, 7, 7, 1, 6, 3, 3, 0, 4, 2, 3, 1, 4, 1, 4, 2, 5, 6, 4, 2, 6, 5, 2, 7, 5, 6, 6]",33.11289215,33.1312294
"[4, 5, 4, 4, 3, 5, 5, 5, 5, 7, 6, 3, 5, 1, 3, 0, 6, 2, 5, 2, 0, 5, 3, 4, 7, 7, 2, 7]",34.9794426,34.07591629
"[0, 1, 2, 2, 0, 3, 7, 6, 0, 2, 2, 3, 0, 5, 0, 1, 5, 0, 2, 2, 4, 3, 0, 3, 7, 2, 0, 5]",33.36291504,33.09137344
"[6, 5, 7, 2, 2, 7, 1, 1, 5, 6, 6, 5, 6, 5, 6, 4, 3, 3, 1, 2, 2, 5, 4, 5, 4, 3, 0, 2]",inf,31.28623772
"[5, 5, 6, 5, 0, 7, 1, 5, 5, 2, 4, 0, 5, 4, 0, 0, 2, 2, 7, 2, 4, 1, 0, 3, 0, 1, 0, 5]",34.74312592,34.30974579
"[3, 3, 5, 0, 4, 1, 4, 2, 6, 0, 3, 4, 4, 4, 4, 5, 0, 4, 4, 5, 7, 2, 0, 6, 3, 1, 1, 6]",34.99358749,34.37867737
"[5, 7, 1, 2, 4, 5, 7, 1, 2, 3, 1, 4, 1, 4, 0, 2, 1, 5, 0, 7, 0, 4, 2, 1, 6, 0, 7, 7]",29.49800301,29.36527443
"[7, 1, 3, 5, 4, 2, 1, 4, 1, 7, 5, 7, 1, 4, 0, 4, 3, 1, 7, 7, 7, 6, 0, 0, 4, 7, 0, 3]",35.17421722,29.37478447
"[6, 3, 3, 4, 7, 4, 6, 1, 0, 3, 1, 3, 5, 3, 1, 2, 2, 1, 4, 7, 7, 5, 5, 6, 1, 1, 2, 6]",34.44556808,33.83097839
"[6, 2, 6, 7, 1, 7, 0, 2, 7, 4, 2, 4, 1, 3, 1, 3, 4, 4, 1, 6, 0, 2, 5, 7, 3, 3, 0, 1]",33.06750107,33.18835068
"[1, 5, 2, 6, 6, 7, 7, 1, 2, 6, 2, 4, 0, 4, 7, 1, 3, 1, 4, 1, 3, 7, 6, 6, 5, 4, 2, 6]",33.03105545,32.99969864
"[7, 7, 7, 3, 0, 6, 2, 0, 2, 2, 1, 7, 0, 4, 1, 4, 3, 3, 7, 2, 2, 3, 1, 1, 2, 1, 2, 0]",inf,28.53346634
"[5, 5, 2, 5, 3, 7, 2, 0, 6, 7, 1, 6, 4, 3, 2, 2, 5, 6, 7, 0, 4, 7, 1, 5, 1, 3, 6, 6]",inf,32.92133713
"[1, 5, 3, 6, 5, 3, 6, 3, 3, 5, 5, 0, 0, 4, 1, 3, 2, 6, 5, 5, 7, 7, 1, 2, 0, 2, 7, 0]",12.04910946,12.36294174
"[1, 0, 4, 5, 0, 4, 2, 2, 7, 1, 4, 7, 7, 0, 7, 5, 0, 6, 3, 3, 5, 0, 6, 4, 1, 0, 0, 1]",34.70970917,33.37540054
"[0, 3, 5, 1, 7, 2, 6, 7, 6, 6, 4, 4, 5, 2, 3, 7, 4, 3, 1, 0, 7, 4, 5, 3, 4, 1, 2, 7]",34.16539383,33.47995758
"[1, 4, 0, 7, 4, 3, 7, 4, 7, 6, 4, 7, 2, 4, 1, 4, 0, 6, 2, 2, 2, 7, 4, 1, 5, 2, 5, 7]",29.83521843,29.80312538
"[0, 2, 4, 6, 0, 4, 3, 2, 3, 3, 1, 4, 7, 7, 5, 4, 1, 1, 0, 0, 2, 2, 6, 0, 4, 2, 1, 6]",34.41840363,31.91622734
"[2, 6, 5, 5, 2, 6, 6, 6, 1, 2, 5, 1, 4, 4, 1, 6, 7, 0, 5, 6, 5, 0, 1, 7, 3, 7, 5, 3]",inf,34.39839554
"[1, 7, 3, 7, 0, 1, 7, 7, 4, 3, 2, 6, 6, 3, 5, 4, 6, 2, 4, 4, 1, 7, 2, 3, 6, 4, 5, 1]",34.60296249,33.86876297
"[4, 4, 0, 7, 2, 2, 1, 5, 1, 6, 1, 5, 4, 2, 3, 4, 2, 4, 3, 4, 5, 5, 7, 3, 6, 4, 6, 7]",33.77682877,33.38740158
"[2, 2, 4, 6, 3, 2, 2, 0, 6, 5, 2, 4, 3, 0, 4, 0, 2, 2, 3, 0, 3, 0, 4, 4, 3, 5, 4, 5]",30.03652,28.24464989
"[3, 3, 3, 3, 7, 6, 7, 2, 0, 4, 7, 6, 2, 1, 4, 6, 4, 4, 3, 7, 1, 0, 2, 6, 5, 7, 6, 4]",34.44338989,33.24004745
"[2, 7, 1, 0, 3, 2, 1, 5, 3, 4, 4, 4, 2, 1, 1, 6, 3, 3, 2, 1, 7, 6, 4, 7, 6, 0, 6, 6]",33.87097931,33.57541275
"[1, 0, 0, 2, 5, 0, 2, 0, 5, 3, 2, 2, 6, 4, 3, 0, 3, 5, 0, 4, 3, 6, 2, 5, 1, 0, 5, 0]",34.04027939,33.95100784
"[5, 7, 2, 2, 3, 6, 4, 1, 0, 4, 4, 1, 0, 7, 5, 3, 5, 7, 6, 7, 6, 0, 6, 7, 6, 5, 5, 2]",34.96660995,30.43902206
"[7, 5, 5, 1, 6, 6, 5, 4, 3, 7, 0, 3, 4, 1, 2, 6, 1, 0, 5, 0, 3, 0, 1, 3, 3, 1, 4, 7]",34.22001266,33.12109756
"[2, 1, 2, 3, 3, 6, 6, 5, 6, 7, 6, 0, 2, 4, 4, 6, 6, 0, 0, 4, 3, 6, 1, 3, 2, 7, 7, 4]",33.69724274,26.90393257
"[3, 0, 7, 1, 4, 5, 1, 2, 2, 7, 4, 7, 1, 5, 0, 0, 3, 6, 4, 0, 3, 7, 4, 5, 3, 6, 0, 7]",34.50395966,34.31846619
"[5, 5, 7, 7, 3, 7, 2, 0, 6, 3, 4, 2, 3, 6, 6, 3, 6, 6, 2, 1, 7, 3, 3, 7, 1, 5, 7, 1]",28.39758682,27.64664268
"[4, 2, 5, 0, 0, 0, 5, 1, 0, 7, 7, 6, 7, 4, 2, 1, 4, 6, 5, 0, 3, 1, 4, 2, 1, 2, 4, 7]",33.88092041,33.12708282
"[5, 0, 2, 2, 1, 6, 3, 4, 3, 2, 0, 5, 5, 4, 4, 6, 4, 6, 2, 5, 1, 2, 6, 7, 4, 4, 2, 3]",28.57329941,28.03484726
"[3, 0, 4, 5, 7, 5, 2, 4, 1, 0, 4, 2, 2, 1, 5, 6, 5, 5, 1, 1, 1, 1, 2, 0, 6, 4, 4, 6]",34.92864227,34.33145523
"[4, 5, 5, 0, 3, 5, 4, 5, 2, 3, 6, 2, 1, 3, 6, 7, 7, 1, 6, 1, 4, 7, 7, 7, 2, 3, 6, 6]",33.66143417,33.51438904
"[7, 3, 5, 0, 3, 7, 0, 0, 6, 6, 3, 7, 0, 7, 1, 7, 6, 4, 4, 2, 4, 2, 3, 1, 3, 5, 7, 6]",34.75701141,33.58658218
"[3, 3, 3, 3, 5, 5, 5, 5, 1, 1, 3, 2, 3, 4, 0, 0, 4, 5, 2, 1, 1, 3, 3, 3, 2, 2, 7, 0]",28.24678612,27.42720413
"[5, 7, 6, 7, 4, 3, 4, 3, 1, 3, 2, 0, 5, 3, 6, 2, 6, 5, 7, 7, 5, 6, 2, 0, 1, 1, 5, 5]",34.59386063,33.73767853
"[6, 4, 0, 4, 0, 3, 2, 2, 6, 2, 6, 5, 4, 0, 4, 2, 2, 0, 1, 5, 0, 7, 7, 5, 1, 6, 3, 4]",34.98411179,34.73684692
"[0, 2, 0, 6, 1, 5, 7, 2, 0, 7, 3, 7, 1, 6, 5, 4, 0, 5, 3, 7, 6, 4, 3, 5, 3, 2, 0, 0]",34.41217422,34.02883911
"[5, 2, 7, 7, 5, 0, 4, 2, 4, 3, 7, 2, 2, 5, 2, 7, 5, 6, 2, 2, 7, 2, 6, 5, 7, 0, 1, 5]",29.71686554,25.66591835
"[5, 1, 1, 5, 3, 4, 1, 1, 3, 1, 4, 3, 0, 4, 4, 6, 1, 0, 7, 5, 3, 4, 2, 0, 3, 0, 2, 5]",34.10198593,33.55310822
"[1, 3, 2, 2, 5, 6, 4, 5, 6, 2, 2, 2, 4, 4, 5, 5, 7, 2, 3, 0, 7, 4, 5, 2, 4, 6, 2, 2]",35.1538353,34.50150681
"[1, 7, 5, 5, 7, 6, 3, 6, 4, 0, 0, 0, 5, 7, 6, 7, 6, 6, 1, 1, 2, 0, 4, 2, 4, 1, 2, 4]",35.48672867,34.56945038
"[4, 1, 6, 0, 5, 3, 2, 7, 2, 1, 5, 4, 7, 5, 2, 6, 3, 1, 7, 2, 3, 5, 3, 3, 2, 6, 5, 1]",29.41762924,28.92982292
"[1, 2, 6, 2, 1, 2, 7, 6, 6, 0, 7, 3, 6, 4, 1, 7, 1, 2, 5, 0, 7, 1, 7, 7, 3, 5, 0, 5]",34.29994583,33.9246521
"[0, 5, 4, 7, 6, 2, 3, 1, 7, 2, 6, 0, 0, 1, 4, 1, 5, 3, 1, 1, 5, 0, 0, 0, 1, 5, 4, 2]",34.15991974,33.69424057
"[4, 6, 6, 2, 4, 4, 3, 5, 1, 2, 6, 2, 3, 1, 1, 7, 5, 3, 3, 4, 4, 3, 6, 3, 6, 2, 6, 4]",29.06308746,29.203022
"[0, 0, 2, 4, 6, 2, 6, 5, 6, 4, 2, 0, 0, 4, 7, 7, 4, 2, 2, 4, 6, 6, 7, 7, 7, 4, 7, 2]",33.14533615,25.95028496
"[1, 3, 0, 2, 7, 3, 0, 1, 3, 6, 3, 5, 1, 5, 3, 0, 2, 7, 5, 4, 5, 0, 5, 0, 4, 2, 4, 4]",34.57420731,33.33780289
"[4, 6, 5, 1, 2, 7, 0, 2, 4, 6, 7, 2, 6, 5, 2, 4, 0, 0, 7, 6, 4, 2, 2, 1, 2, 7, 2, 7]",34.59150696,32.7086792
"[1, 3, 0, 6, 3, 1, 0, 4, 7, 2, 3, 5, 1, 1, 4, 3, 4, 6, 2, 5, 4, 5, 4, 0, 6, 2, 6, 1]",33.40526581,33.06072235
"[5, 4, 7, 1, 0, 1, 3, 0, 4, 6, 0, 5, 2, 3, 4, 5, 2, 2, 2, 3, 5, 5, 3, 5, 0, 3, 5, 6]",34.18709183,33.39665222
"[5, 0, 2, 0, 7, 4, 1, 3, 5, 5, 2, 2, 2, 7, 5, 3, 5, 0, 7, 3, 1, 6, 6, 6, 5, 0, 2, 4]",34.42612076,30.49699974
"[2, 5, 1, 3, 5, 6, 0, 3, 3, 2, 1, 4, 5, 0, 1, 1, 0, 4, 2, 0, 1, 6, 1, 3, 7, 4, 3, 6]",34.45768738,34.03227615
"[0, 1, 3, 5, 4, 3, 3, 3, 3, 5, 4, 5, 7, 2, 0, 7, 1, 5, 6, 6, 4, 5, 7, 2, 4, 6, 1, 3]",34.02137756,32.99955368
"[1, 2, 4, 1, 0, 6, 6, 5, 6, 6, 4, 5, 4, 1, 6, 2, 6, 7, 6, 4, 1, 1, 7, 7, 3, 4, 3, 7]",33.00909424,33.01412201
"[4, 1, 0, 7, 2, 3, 2, 6, 4, 2, 6, 3, 7, 6, 7, 2, 7, 5, 2, 5, 4, 2, 6, 0, 5, 1, 6, 6]",29.69105148,28.38785172
"[5, 5, 2, 2, 6, 0, 2, 1, 6, 3, 5, 6, 1, 3, 4, 3, 4, 5, 6, 6, 2, 7, 7, 4, 5, 4, 2, 2]",33.50243378,31.88226128
"[3, 0, 1, 4, 1, 3, 3, 2, 5, 7, 6, 3, 4, 2, 0, 5, 2, 6, 4, 4, 2, 7, 6, 1, 3, 7, 0, 0]",34.78326035,34.45055389
"[6, 2, 5, 3, 0, 6, 4, 6, 7, 6, 7, 1, 7, 1, 0, 7, 0, 5, 5, 6, 3, 5, 3, 7, 2, 4, 7, 4]",35.09291458,34.68645096
"[6, 4, 1, 3, 1, 1, 7, 5, 3, 2, 6, 1, 4, 4, 4, 1, 6, 5, 1, 7, 7, 5, 4, 1, 1, 2, 6, 6]",32.51026917,33.78310776
"[5, 5, 3, 7, 1, 4, 6, 0, 0, 0, 6, 1, 0, 0, 7, 0, 6, 2, 7, 5, 0, 6, 1, 7, 6, 5, 1, 7]",33.07202148,22.2541256
"[0, 1, 0, 6, 3, 0, 2, 4, 2, 4, 0, 3, 1, 2, 6, 2, 3, 2, 5, 7, 7, 7, 3, 6, 1, 4, 4, 5]",34.31794739,33.51147461
"[2, 7, 7, 1, 5, 1, 6, 7, 2, 1, 1, 1, 5, 2, 3, 0, 3, 5, 5, 1, 6, 4, 1, 5, 4, 4, 3, 2]",30.25513077,29.73915672
"[6, 7, 4, 2, 5, 1, 2, 7, 7, 0, 4, 2, 6, 0, 5, 5, 3, 4, 4, 2, 3, 1, 2, 2, 0, 2, 0, 3]",34.48971558,34.11354065
"[6, 7, 6, 2, 1, 3, 3, 2, 5, 5, 0, 2, 4, 4, 6, 1, 4, 3, 4, 3, 0, 6, 2, 4, 1, 5, 3, 2]",34.4838295,33.7150116
"[7, 3, 5, 0, 3, 7, 0, 0, 6, 6, 3, 7, 0, 7, 1, 7, 6, 4, 4, 2, 4, 2, 3, 1, 3, 5, 7, 6]",34.9738121,34.60952759
"[3, 3, 3, 3, 5, 5, 5, 5, 1, 1, 3, 2, 3, 4, 0, 0, 4, 5, 2, 1, 1, 3, 3, 3, 2, 2, 7, 0]",29.35663033,26.18968201
"[5, 7, 6, 7, 4, 3, 4, 3, 1, 3, 2, 0, 5, 3, 6, 2, 6, 5, 7, 7, 5, 6, 2, 0, 1, 1, 5, 5]",34.95030975,34.67691422
"[6, 4, 0, 4, 0, 3, 2, 2, 6, 2, 6, 5, 4, 0, 4, 2, 2, 0, 1, 5, 0, 7, 7, 5, 1, 6, 3, 4]",35.1874733,34.69486237
"[0, 2, 0, 6, 1, 5, 7, 2, 0, 7, 3, 7, 1, 6, 5, 4, 0, 5, 3, 7, 6, 4, 3, 5, 3, 2, 0, 0]",34.11472321,33.71072006
"[5, 2, 7, 7, 5, 0, 4, 2, 4, 3, 7, 2, 2, 5, 2, 7, 5, 6, 2, 2, 7, 2, 6, 5, 7, 0, 1, 5]",29.88768005,28.94129181
"[5, 1, 1, 5, 3, 4, 1, 1, 3, 1, 4, 3, 0, 4, 4, 6, 1, 0, 7, 5, 3, 4, 2, 0, 3, 0, 2, 5]",34.72970581,34.48945618
"[1, 3, 2, 2, 5, 6, 4, 5, 6, 2, 2, 2, 4, 4, 5, 5, 7, 2, 3, 0, 7, 4, 5, 2, 4, 6, 2, 2]",35.28810501,35.03892136
"[1, 7, 5, 5, 7, 6, 3, 6, 4, 0, 0, 0, 5, 7, 6, 7, 6, 6, 1, 1, 2, 0, 4, 2, 4, 1, 2, 4]",35.82791138,35.02891541
"[4, 1, 6, 0, 5, 3, 2, 7, 2, 1, 5, 4, 7, 5, 2, 6, 3, 1, 7, 2, 3, 5, 3, 3, 2, 6, 5, 1]",29.40926933,28.67978859
"[1, 2, 6, 2, 1, 2, 7, 6, 6, 0, 7, 3, 6, 4, 1, 7, 1, 2, 5, 0, 7, 1, 7, 7, 3, 5, 0, 5]",34.44512939,32.36154175
"[0, 5, 4, 7, 6, 2, 3, 1, 7, 2, 6, 0, 0, 1, 4, 1, 5, 3, 1, 1, 5, 0, 0, 0, 1, 5, 4, 2]",31.43912506,30.57501793
"[4, 6, 6, 2, 4, 4, 3, 5, 1, 2, 6, 2, 3, 1, 1, 7, 5, 3, 3, 4, 4, 3, 6, 3, 6, 2, 6, 4]",12.06627846,12.24755859
"[0, 0, 2, 4, 6, 2, 6, 5, 6, 4, 2, 0, 0, 4, 7, 7, 4, 2, 2, 4, 6, 6, 7, 7, 7, 4, 7, 2]",32.20306778,24.35506821
"[1, 3, 0, 2, 7, 3, 0, 1, 3, 6, 3, 5, 1, 5, 3, 0, 2, 7, 5, 4, 5, 0, 5, 0, 4, 2, 4, 4]",35.09066391,34.08781052
"[4, 6, 5, 1, 2, 7, 0, 2, 4, 6, 7, 2, 6, 5, 2, 4, 0, 0, 7, 6, 4, 2, 2, 1, 2, 7, 2, 7]",34.51808167,33.95476913
"[1, 3, 0, 6, 3, 1, 0, 4, 7, 2, 3, 5, 1, 1, 4, 3, 4, 6, 2, 5, 4, 5, 4, 0, 6, 2, 6, 1]",33.85775375,31.99170685
"[5, 4, 7, 1, 0, 1, 3, 0, 4, 6, 0, 5, 2, 3, 4, 5, 2, 2, 2, 3, 5, 5, 3, 5, 0, 3, 5, 6]",34.76406479,33.93093491
"[5, 0, 2, 0, 7, 4, 1, 3, 5, 5, 2, 2, 2, 7, 5, 3, 5, 0, 7, 3, 1, 6, 6, 6, 5, 0, 2, 4]",34.64111328,33.93667984
"[2, 5, 1, 3, 5, 6, 0, 3, 3, 2, 1, 4, 5, 0, 1, 1, 0, 4, 2, 0, 1, 6, 1, 3, 7, 4, 3, 6]",34.52163315,33.63358307
"[0, 1, 3, 5, 4, 3, 3, 3, 3, 5, 4, 5, 7, 2, 0, 7, 1, 5, 6, 6, 4, 5, 7, 2, 4, 6, 1, 3]",29.81140137,28.92619896
"[1, 2, 4, 1, 0, 6, 6, 5, 6, 6, 4, 5, 4, 1, 6, 2, 6, 7, 6, 4, 1, 1, 7, 7, 3, 4, 3, 7]",29.2312851,29.32356071
"[4, 1, 0, 7, 2, 3, 2, 6, 4, 2, 6, 3, 7, 6, 7, 2, 7, 5, 2, 5, 4, 2, 6, 0, 5, 1, 6, 6]",29.52388,28.69254303
"[5, 5, 2, 2, 6, 0, 2, 1, 6, 3, 5, 6, 1, 3, 4, 3, 4, 5, 6, 6, 2, 7, 7, 4, 5, 4, 2, 2]",29.75488663,28.04734421
"[3, 0, 1, 4, 1, 3, 3, 2, 5, 7, 6, 3, 4, 2, 0, 5, 2, 6, 4, 4, 2, 7, 6, 1, 3, 7, 0, 0]",34.78857422,33.53064346
"[6, 2, 5, 3, 0, 6, 4, 6, 7, 6, 7, 1, 7, 1, 0, 7, 0, 5, 5, 6, 3, 5, 3, 7, 2, 4, 7, 4]",inf,34.12666702
"[6, 4, 1, 3, 1, 1, 7, 5, 3, 2, 6, 1, 4, 4, 4, 1, 6, 5, 1, 7, 7, 5, 4, 1, 1, 2, 6, 6]",34.64080429,34.19005585
"[5, 5, 3, 7, 1, 4, 6, 0, 0, 0, 6, 1, 0, 0, 7, 0, 6, 2, 7, 5, 0, 6, 1, 7, 6, 5, 1, 7]",29.71425056,30.01639557
"[0, 1, 0, 6, 3, 0, 2, 4, 2, 4, 0, 3, 1, 2, 6, 2, 3, 2, 5, 7, 7, 7, 3, 6, 1, 4, 4, 5]",34.56940842,34.00323486
"[2, 7, 7, 1, 5, 1, 6, 7, 2, 1, 1, 1, 5, 2, 3, 0, 3, 5, 5, 1, 6, 4, 1, 5, 4, 4, 3, 2]",34.32865906,33.88328552
"[6, 7, 4, 2, 5, 1, 2, 7, 7, 0, 4, 2, 6, 0, 5, 5, 3, 4, 4, 2, 3, 1, 2, 2, 0, 2, 0, 3]",34.88775253,29.28183556
"[6, 7, 6, 2, 1, 3, 3, 2, 5, 5, 0, 2, 4, 4, 6, 1, 4, 3, 4, 3, 0, 6, 2, 4, 1, 5, 3, 2]",34.16009521,32.67156219
"[1, 6, 4, 0, 5, 4, 4, 2, 3, 3, 4, 3, 6, 1, 4, 0, 1, 4, 6, 2, 1, 4, 6, 1, 0, 1, 3, 6]",34.05262756,33.29601669
"[1, 3, 4, 0, 6, 6, 1, 5, 1, 7, 6, 0, 0, 3, 6, 2, 4, 3, 0, 6, 7, 3, 7, 0, 4, 3, 1, 6]",32.98400879,27.37008286
"[3, 3, 5, 7, 2, 4, 0, 3, 3, 2, 4, 3, 4, 7, 5, 2, 3, 3, 5, 3, 7, 2, 1, 1, 7, 1, 0, 2]",33.86156082,33.89291
"[6, 6, 4, 0, 4, 4, 0, 5, 6, 1, 4, 2, 7, 0, 3, 1, 2, 7, 5, 6, 0, 1, 0, 0, 1, 2, 5, 7]",34.0661087,32.92976761
"[5, 4, 7, 0, 2, 0, 4, 2, 6, 1, 5, 6, 1, 3, 6, 6, 2, 0, 7, 1, 0, 4, 1, 4, 0, 4, 7, 5]",34.77344131,34.36434174
"[6, 0, 1, 5, 6, 6, 5, 5, 0, 5, 5, 7, 4, 2, 3, 4, 7, 3, 5, 4, 3, 7, 7, 2, 3, 2, 3, 7]",35.05703735,33.44655991
"[7, 1, 7, 6, 3, 3, 5, 1, 7, 7, 5, 4, 7, 2, 4, 2, 0, 2, 2, 6, 6, 1, 3, 7, 0, 4, 7, 4]",29.71220589,28.90462112
"[6, 0, 6, 5, 6, 0, 6, 7, 1, 5, 0, 1, 1, 0, 6, 6, 2, 4, 4, 2, 2, 7, 6, 6, 7, 2, 1, 0]",35.12847137,34.71745682
"[7, 0, 5, 7, 3, 5, 3, 0, 7, 3, 5, 0, 7, 7, 0, 1, 0, 1, 4, 5, 7, 5, 2, 7, 4, 1, 6, 5]",33.04676056,33.12437057
"[0, 6, 4, 1, 0, 6, 1, 5, 2, 7, 6, 1, 2, 7, 2, 0, 6, 0, 0, 5, 1, 1, 6, 2, 0, 3, 7, 7]",34.771595,34.25862885
"[7, 7, 1, 1, 1, 3, 6, 1, 0, 5, 5, 4, 0, 2, 7, 2, 3, 7, 2, 2, 0, 1, 6, 7, 1, 3, 1, 0]",34.3443718,33.03220749
"[3, 5, 7, 6, 1, 7, 6, 6, 0, 2, 5, 1, 6, 7, 6, 7, 5, 1, 5, 7, 3, 1, 0, 2, 3, 2, 5, 4]",34.02991867,33.22052765
"[1, 4, 2, 7, 6, 1, 6, 7, 1, 0, 6, 1, 5, 5, 7, 0, 0, 3, 4, 5, 1, 5, 4, 0, 3, 4, 6, 3]",33.66424942,33.88160706
"[5, 0, 3, 4, 7, 6, 4, 1, 4, 3, 7, 5, 0, 3, 0, 5, 5, 4, 1, 6, 1, 3, 3, 6, 6, 6, 5, 4]",35.25944519,34.7339325
"[2, 0, 0, 3, 4, 4, 5, 0, 0, 4, 5, 3, 2, 6, 4, 4, 1, 5, 5, 1, 3, 1, 5, 6, 3, 5, 7, 1]",34.59615326,33.62718201
"[6, 1, 4, 6, 5, 5, 1, 0, 3, 4, 6, 0, 2, 2, 1, 3, 6, 6, 5, 2, 1, 6, 4, 6, 7, 6, 6, 7]",34.70740128,35.09112549
"[2, 4, 2, 2, 7, 5, 7, 5, 2, 6, 5, 0, 7, 5, 1, 1, 2, 3, 6, 4, 3, 5, 2, 2, 7, 7, 3, 2]",28.97483444,27.95747948
"[2, 1, 0, 2, 6, 1, 2, 6, 3, 2, 7, 6, 3, 7, 7, 1, 7, 3, 1, 7, 4, 1, 1, 3, 3, 4, 1, 2]",36.02765274,33.89809799
"[6, 6, 2, 4, 4, 4, 1, 1, 7, 0, 1, 1, 5, 0, 2, 2, 3, 2, 2, 2, 3, 4, 6, 6, 0, 0, 2, 2]",34.12694931,34.26244354
"[2, 5, 5, 0, 0, 5, 0, 4, 4, 6, 2, 7, 0, 4, 5, 4, 1, 6, 6, 5, 3, 0, 7, 1, 6, 6, 6, 0]",34.72877121,31.66066551
"[3, 0, 5, 4, 2, 6, 2, 6, 3, 7, 2, 4, 4, 7, 7, 2, 6, 2, 1, 2, 7, 7, 5, 4, 0, 4, 5, 4]",35.02481842,34.80924988
"[2, 4, 4, 7, 3, 5, 0, 3, 5, 1, 2, 2, 2, 1, 7, 2, 2, 1, 0, 5, 0, 0, 0, 7, 6, 1, 6, 7]",32.86943054,30.5255909
"[4, 6, 3, 7, 5, 0, 7, 0, 1, 1, 4, 2, 4, 0, 4, 7, 0, 3, 6, 1, 5, 1, 7, 3, 2, 5, 3, 2]",33.400383,32.28647995
"[1, 4, 2, 3, 2, 3, 3, 3, 2, 1, 0, 5, 6, 2, 6, 6, 4, 4, 4, 5, 2, 6, 6, 0, 0, 4, 1, 3]",29.29028893,28.00058365
"[4, 0, 5, 2, 2, 6, 0, 0, 0, 6, 6, 0, 7, 6, 7, 0, 4, 1, 3, 1, 7, 5, 4, 3, 7, 4, 5, 5]",33.51231003,33.25314331
"[5, 7, 1, 7, 7, 7, 1, 5, 3, 6, 4, 1, 7, 1, 6, 0, 5, 2, 1, 3, 5, 1, 4, 1, 1, 6, 6, 0]",34.39554596,31.81783867
"[0, 3, 4, 0, 2, 0, 3, 1, 3, 7, 1, 3, 1, 5, 4, 0, 3, 1, 2, 0, 7, 6, 1, 5, 0, 7, 1, 5]",33.95566177,29.12580299
"[3, 3, 1, 4, 7, 2, 3, 1, 1, 3, 1, 0, 3, 7, 4, 7, 2, 3, 2, 5, 1, 0, 0, 0, 5, 1, 3, 3]",33.91269684,33.22207642
"[2, 4, 6, 4, 7, 6, 2, 4, 7, 6, 2, 6, 7, 6, 3, 7, 1, 6, 4, 7, 6, 0, 7, 3, 7, 2, 3, 7]",34.48907089,33.60746002
"[0, 0, 5, 4, 1, 1, 5, 7, 2, 6, 4, 3, 0, 2, 3, 2, 4, 3, 5, 1, 6, 5, 7, 3, 7, 6, 0, 5]",34.28017044,33.71390533
"[7, 6, 1, 6, 0, 1, 6, 6, 3, 1, 0, 7, 6, 7, 2, 0, 7, 5, 7, 1, 0, 2, 6, 4, 5, 1, 0, 2]",inf,33.90637207
"[6, 2, 7, 1, 7, 6, 4, 1, 1, 4, 2, 3, 2, 7, 2, 3, 3, 1, 1, 1, 7, 1, 7, 3, 5, 6, 0, 2]",33.39418411,33.12568665
"[1, 6, 4, 0, 5, 4, 4, 2, 3, 3, 4, 3, 6, 1, 4, 0, 1, 4, 6, 2, 1, 4, 6, 1, 0, 1, 3, 6]",34.10686493,33.74553299
"[1, 3, 4, 0, 6, 6, 1, 5, 1, 7, 6, 0, 0, 3, 6, 2, 4, 3, 0, 6, 7, 3, 7, 0, 4, 3, 1, 6]",33.7313385,33.42416
"[3, 3, 5, 7, 2, 4, 0, 3, 3, 2, 4, 3, 4, 7, 5, 2, 3, 3, 5, 3, 7, 2, 1, 1, 7, 1, 0, 2]",34.16528702,32.194561
"[6, 6, 4, 0, 4, 4, 0, 5, 6, 1, 4, 2, 7, 0, 3, 1, 2, 7, 5, 6, 0, 1, 0, 0, 1, 2, 5, 7]",34.63114548,32.04854965
"[5, 4, 7, 0, 2, 0, 4, 2, 6, 1, 5, 6, 1, 3, 6, 6, 2, 0, 7, 1, 0, 4, 1, 4, 0, 4, 7, 5]",34.74571991,34.53684235
"[6, 0, 1, 5, 6, 6, 5, 5, 0, 5, 5, 7, 4, 2, 3, 4, 7, 3, 5, 4, 3, 7, 7, 2, 3, 2, 3, 7]",34.73065567,33.82004166
"[7, 1, 7, 6, 3, 3, 5, 1, 7, 7, 5, 4, 7, 2, 4, 2, 0, 2, 2, 6, 6, 1, 3, 7, 0, 4, 7, 4]",31.57621384,32.65175629
"[6, 0, 6, 5, 6, 0, 6, 7, 1, 5, 0, 1, 1, 0, 6, 6, 2, 4, 4, 2, 2, 7, 6, 6, 7, 2, 1, 0]",35.04573822,34.09005356
"[7, 0, 5, 7, 3, 5, 3, 0, 7, 3, 5, 0, 7, 7, 0, 1, 0, 1, 4, 5, 7, 5, 2, 7, 4, 1, 6, 5]",29.93143463,29.40612411
"[0, 6, 4, 1, 0, 6, 1, 5, 2, 7, 6, 1, 2, 7, 2, 0, 6, 0, 0, 5, 1, 1, 6, 2, 0, 3, 7, 7]",34.43606949,33.899086
"[7, 7, 1, 1, 1, 3, 6, 1, 0, 5, 5, 4, 0, 2, 7, 2, 3, 7, 2, 2, 0, 1, 6, 7, 1, 3, 1, 0]",34.83081818,32.06830215
"[3, 5, 7, 6, 1, 7, 6, 6, 0, 2, 5, 1, 6, 7, 6, 7, 5, 1, 5, 7, 3, 1, 0, 2, 3, 2, 5, 4]",33.85999298,33.65800858
"[1, 4, 2, 7, 6, 1, 6, 7, 1, 0, 6, 1, 5, 5, 7, 0, 0, 3, 4, 5, 1, 5, 4, 0, 3, 4, 6, 3]",33.86968613,33.67479706
"[5, 0, 3, 4, 7, 6, 4, 1, 4, 3, 7, 5, 0, 3, 0, 5, 5, 4, 1, 6, 1, 3, 3, 6, 6, 6, 5, 4]",35.07048035,34.5606041
"[2, 0, 0, 3, 4, 4, 5, 0, 0, 4, 5, 3, 2, 6, 4, 4, 1, 5, 5, 1, 3, 1, 5, 6, 3, 5, 7, 1]",34.23916245,34.17557907
"[6, 1, 4, 6, 5, 5, 1, 0, 3, 4, 6, 0, 2, 2, 1, 3, 6, 6, 5, 2, 1, 6, 4, 6, 7, 6, 6, 7]",31.44028664,32.41284561
"[2, 4, 2, 2, 7, 5, 7, 5, 2, 6, 5, 0, 7, 5, 1, 1, 2, 3, 6, 4, 3, 5, 2, 2, 7, 7, 3, 2]",29.11396027,29.36637497
"[2, 1, 0, 2, 6, 1, 2, 6, 3, 2, 7, 6, 3, 7, 7, 1, 7, 3, 1, 7, 4, 1, 1, 3, 3, 4, 1, 2]",36.05496216,35.20917511
"[6, 6, 2, 4, 4, 4, 1, 1, 7, 0, 1, 1, 5, 0, 2, 2, 3, 2, 2, 2, 3, 4, 6, 6, 0, 0, 2, 2]",34.47101593,34.03603363
"[2, 5, 5, 0, 0, 5, 0, 4, 4, 6, 2, 7, 0, 4, 5, 4, 1, 6, 6, 5, 3, 0, 7, 1, 6, 6, 6, 0]",34.65803146,33.10363388
"[3, 0, 5, 4, 2, 6, 2, 6, 3, 7, 2, 4, 4, 7, 7, 2, 6, 2, 1, 2, 7, 7, 5, 4, 0, 4, 5, 4]",35.20028305,34.2731514
"[2, 4, 4, 7, 3, 5, 0, 3, 5, 1, 2, 2, 2, 1, 7, 2, 2, 1, 0, 5, 0, 0, 0, 7, 6, 1, 6, 7]",32.76268005,33.00253677
"[4, 6, 3, 7, 5, 0, 7, 0, 1, 1, 4, 2, 4, 0, 4, 7, 0, 3, 6, 1, 5, 1, 7, 3, 2, 5, 3, 2]",33.40311432,33.20550156
"[1, 4, 2, 3, 2, 3, 3, 3, 2, 1, 0, 5, 6, 2, 6, 6, 4, 4, 4, 5, 2, 6, 6, 0, 0, 4, 1, 3]",29.08176613,26.95811081
"[4, 0, 5, 2, 2, 6, 0, 0, 0, 6, 6, 0, 7, 6, 7, 0, 4, 1, 3, 1, 7, 5, 4, 3, 7, 4, 5, 5]",33.02059555,30.22972679
"[5, 7, 1, 7, 7, 7, 1, 5, 3, 6, 4, 1, 7, 1, 6, 0, 5, 2, 1, 3, 5, 1, 4, 1, 1, 6, 6, 0]",34.37741089,33.52194214
"[0, 3, 4, 0, 2, 0, 3, 1, 3, 7, 1, 3, 1, 5, 4, 0, 3, 1, 2, 0, 7, 6, 1, 5, 0, 7, 1, 5]",29.46051407,29.27492905
"[3, 3, 1, 4, 7, 2, 3, 1, 1, 3, 1, 0, 3, 7, 4, 7, 2, 3, 2, 5, 1, 0, 0, 0, 5, 1, 3, 3]",34.54202271,34.37789917
"[2, 4, 6, 4, 7, 6, 2, 4, 7, 6, 2, 6, 7, 6, 3, 7, 1, 6, 4, 7, 6, 0, 7, 3, 7, 2, 3, 7]",33.99593735,33.14759445
"[0, 0, 5, 4, 1, 1, 5, 7, 2, 6, 4, 3, 0, 2, 3, 2, 4, 3, 5, 1, 6, 5, 7, 3, 7, 6, 0, 5]",33.59939575,32.89970016
"[7, 6, 1, 6, 0, 1, 6, 6, 3, 1, 0, 7, 6, 7, 2, 0, 7, 5, 7, 1, 0, 2, 6, 4, 5, 1, 0, 2]",35.40960693,34.55006409
"[6, 2, 7, 1, 7, 6, 4, 1, 1, 4, 2, 3, 2, 7, 2, 3, 3, 1, 1, 1, 7, 1, 7, 3, 5, 6, 0, 2]",34.41379166,26.25995827
"[5, 0, 6, 7, 4, 1, 5, 3, 4, 4, 1, 5, 7, 7, 7, 5, 5, 6, 0, 1, 5, 3, 2, 4, 7, 7, 4, 0]",34.68199921,34.46778107
"[5, 7, 0, 2, 5, 5, 3, 7, 0, 1, 2, 2, 4, 4, 1, 3, 3, 5, 0, 3, 2, 0, 3, 2, 7, 3, 3, 5]",34.93232346,34.17256546
"[1, 3, 2, 5, 2, 1, 0, 0, 0, 7, 6, 1, 2, 6, 0, 5, 3, 1, 3, 0, 5, 0, 6, 4, 5, 4, 3, 2]",33.34366989,32.81719971
"[3, 2, 2, 0, 7, 3, 2, 5, 4, 5, 7, 1, 4, 2, 6, 5, 0, 5, 5, 7, 3, 7, 1, 7, 2, 7, 1, 2]",34.53325653,34.11824799
"[6, 1, 3, 5, 6, 0, 4, 1, 1, 2, 2, 3, 4, 2, 4, 0, 6, 4, 2, 3, 6, 3, 6, 6, 1, 2, 2, 1]",34.55524826,34.14276505
"[7, 0, 7, 4, 6, 3, 6, 0, 3, 0, 6, 5, 4, 6, 1, 3, 6, 0, 5, 2, 3, 7, 7, 2, 7, 5, 6, 4]",34.44900894,31.40700531
"[0, 3, 0, 6, 0, 6, 5, 0, 3, 6, 6, 4, 7, 5, 4, 3, 3, 5, 7, 0, 7, 4, 7, 5, 4, 0, 5, 5]",34.77200699,32.68993759
"[4, 0, 3, 1, 0, 7, 7, 7, 7, 2, 0, 5, 4, 2, 5, 7, 2, 6, 6, 5, 3, 3, 2, 5, 4, 1, 5, 7]",33.18566513,32.38856506
"[4, 7, 1, 5, 6, 2, 4, 6, 3, 6, 0, 0, 3, 2, 5, 2, 3, 7, 0, 1, 2, 5, 4, 3, 4, 6, 6, 0]",34.12290573,32.02685165
"[0, 7, 6, 3, 7, 0, 2, 2, 5, 7, 3, 6, 0, 2, 1, 2, 1, 2, 6, 7, 2, 1, 3, 2, 2, 7, 2, 1]",33.68873215,33.33966827
"[3, 3, 3, 2, 7, 3, 5, 6, 6, 2, 2, 4, 6, 0, 3, 0, 6, 6, 1, 4, 7, 4, 2, 6, 2, 1, 2, 4]",34.30283356,34.21195984
"[4, 7, 3, 4, 0, 5, 4, 0, 2, 1, 2, 5, 5, 0, 1, 0, 3, 6, 3, 0, 4, 6, 0, 1, 0, 6, 0, 1]",34.56248474,33.95908356
"[0, 5, 7, 6, 5, 4, 7, 4, 5, 4, 1, 5, 3, 4, 6, 5, 3, 2, 2, 5, 1, 3, 6, 1, 5, 4, 3, 3]",28.80197716,27.06224442
"[2, 2, 6, 4, 6, 1, 1, 4, 0, 3, 2, 3, 6, 7, 6, 0, 7, 6, 6, 2, 5, 4, 5, 6, 4, 2, 4, 4]",34.43175888,33.14170074
"[1, 7, 3, 3, 7, 2, 2, 2, 4, 5, 6, 0, 5, 2, 3, 0, 2, 1, 5, 2, 5, 4, 0, 4, 1, 1, 0, 6]",34.87280273,34.46136856
"[6, 3, 5, 2, 0, 0, 3, 4, 6, 6, 1, 1, 2, 3, 1, 5, 6, 2, 7, 7, 1, 0, 7, 5, 2, 0, 3, 3]",34.18994141,32.58068466
"[0, 4, 6, 2, 0, 3, 4, 1, 6, 6, 0, 3, 7, 7, 3, 1, 5, 5, 7, 1, 2, 1, 0, 7, 1, 7, 5, 7]",33.47579193,33.32676697
"[3, 6, 3, 5, 3, 4, 0, 5, 1, 7, 7, 7, 2, 6, 5, 6, 0, 4, 5, 4, 1, 0, 6, 4, 1, 2, 7, 2]",35.21940994,35.0288887
"[0, 6, 3, 4, 4, 7, 4, 1, 0, 2, 6, 1, 4, 2, 4, 0, 2, 7, 1, 2, 0, 5, 0, 3, 6, 2, 7, 6]",34.33055115,31.58000374
"[3, 6, 6, 3, 2, 3, 2, 7, 6, 0, 4, 1, 3, 1, 0, 3, 5, 1, 5, 1, 6, 5, 2, 7, 3, 2, 1, 6]",31.02337074,29.8266964
"[3, 6, 7, 3, 6, 1, 4, 4, 3, 4, 0, 1, 2, 2, 7, 1, 1, 4, 7, 5, 6, 3, 5, 0, 2, 5, 2, 6]",33.45893478,33.50159073
"[1, 1, 0, 4, 7, 0, 0, 7, 3, 5, 4, 6, 6, 7, 4, 1, 0, 0, 1, 4, 6, 3, 2, 1, 2, 2, 2, 5]",35.03717041,34.31739807
"[1, 1, 3, 6, 1, 0, 7, 4, 0, 5, 7, 1, 7, 3, 2, 6, 7, 7, 4, 1, 3, 1, 3, 4, 7, 3, 1, 4]",33.80488968,33.78682327
"[2, 1, 6, 2, 1, 4, 3, 4, 5, 7, 1, 5, 4, 5, 5, 6, 6, 3, 2, 0, 0, 1, 2, 5, 1, 0, 3, 3]",29.59557343,27.90341568
"[0, 6, 7, 1, 5, 6, 0, 0, 7, 3, 7, 2, 4, 7, 6, 2, 7, 0, 1, 4, 7, 5, 0, 0, 1, 4, 0, 1]",35.63444138,34.90961838
"[5, 2, 6, 0, 1, 6, 6, 5, 4, 5, 5, 3, 3, 4, 7, 4, 0, 4, 6, 4, 1, 5, 3, 3, 1, 0, 7, 2]",33.68671799,32.91123199
"[5, 3, 2, 2, 6, 1, 1, 6, 2, 2, 5, 4, 7, 1, 7, 5, 2, 0, 4, 6, 7, 1, 1, 2, 4, 6, 4, 6]",33.79601288,33.32112122
"[2, 6, 0, 2, 5, 5, 1, 0, 3, 3, 2, 0, 5, 7, 7, 0, 2, 2, 0, 3, 6, 3, 1, 2, 5, 5, 3, 2]",34.503685,34.09568405
"[6, 1, 6, 2, 5, 1, 2, 0, 4, 3, 3, 3, 1, 5, 2, 2, 5, 7, 6, 7, 0, 7, 3, 0, 6, 2, 2, 3]",32.77183533,32.42180252
"[5, 3, 2, 1, 6, 3, 7, 2, 1, 7, 6, 5, 5, 5, 4, 5, 3, 4, 7, 6, 3, 2, 2, 5, 1, 3, 0, 6]",33.89331818,33.25782394
"[1, 7, 5, 4, 1, 3, 4, 7, 5, 0, 3, 5, 5, 3, 7, 2, 3, 7, 0, 3, 3, 0, 7, 7, 4, 5, 5, 2]",35.14951324,34.32754517
"[4, 1, 3, 2, 1, 2, 4, 4, 6, 5, 3, 7, 3, 4, 4, 4, 0, 3, 1, 4, 0, 7, 1, 1, 0, 6, 4, 2]",29.26161194,29.08372116
"[5, 7, 1, 5, 4, 7, 6, 6, 2, 1, 6, 4, 1, 7, 7, 4, 6, 4, 1, 6, 6, 0, 4, 2, 2, 4, 5, 2]",35.01983643,34.49765015
"[5, 7, 1, 5, 4, 7, 6, 6, 2, 1, 6, 4, 1, 7, 7, 4, 6, 4, 1, 6, 6, 0, 4, 2, 2, 4, 5, 2]",35.0854187,34.66871262
"[3, 6, 5, 3, 4, 4, 5, 3, 2, 6, 4, 7, 6, 3, 1, 3, 6, 1, 0, 3, 7, 5, 6, 5, 6, 3, 1, 4]",32.82139587,32.98338318
"[1, 7, 4, 7, 2, 0, 4, 3, 3, 4, 1, 7, 1, 3, 1, 1, 1, 6, 0, 6, 5, 7, 1, 5, 2, 7, 0, 1]",34.43891144,30.5673027
"[2, 4, 5, 4, 1, 0, 3, 7, 5, 2, 3, 0, 2, 6, 0, 3, 1, 7, 4, 5, 4, 5, 2, 6, 4, 4, 5, 4]",34.46130753,33.82150269
"[2, 7, 1, 7, 5, 2, 0, 0, 6, 7, 1, 1, 5, 5, 2, 1, 2, 4, 0, 3, 6, 7, 1, 5, 6, 6, 7, 3]",34.50915909,34.18515778
"[0, 2, 3, 1, 7, 3, 2, 0, 4, 6, 6, 2, 2, 6, 6, 7, 3, 5, 1, 5, 0, 1, 6, 1, 1, 0, 3, 0]",34.16950226,33.62968063
"[0, 0, 2, 3, 1, 5, 3, 6, 6, 6, 3, 7, 4, 5, 4, 2, 3, 6, 6, 5, 6, 7, 7, 7, 6, 7, 6, 1]",28.58789063,28.2028923
"[3, 7, 0, 3, 5, 0, 3, 4, 0, 7, 2, 4, 3, 3, 4, 7, 0, 6, 3, 7, 2, 1, 7, 5, 0, 0, 0, 6]",35.90802383,35.38462067
"[0, 5, 3, 1, 0, 3, 6, 7, 5, 4, 4, 3, 7, 1, 0, 0, 6, 6, 1, 2, 1, 4, 7, 6, 4, 0, 1, 3]",34.22813416,33.56902313
"[7, 5, 7, 2, 1, 6, 5, 0, 4, 0, 7, 2, 3, 2, 3, 7, 5, 5, 6, 0, 2, 2, 6, 2, 2, 1, 5, 3]",28.7757206,25.28275681
"[3, 0, 6, 7, 6, 3, 1, 4, 2, 1, 1, 6, 7, 2, 1, 3, 7, 6, 4, 7, 6, 7, 6, 2, 0, 2, 5, 7]",34.43802643,33.62052155
"[6, 7, 1, 6, 4, 3, 6, 3, 3, 5, 3, 3, 0, 5, 1, 2, 6, 3, 7, 2, 7, 5, 5, 6, 6, 0, 7, 7]",32.70967102,32.52424622
"[0, 6, 3, 1, 2, 5, 7, 3, 3, 1, 2, 3, 3, 4, 7, 5, 0, 5, 6, 6, 3, 6, 1, 5, 7, 0, 1, 7]",33.58094406,33.03632736
"[3, 6, 2, 1, 3, 7, 4, 1, 7, 1, 5, 3, 6, 3, 0, 4, 5, 2, 3, 4, 3, 3, 3, 6, 4, 6, 1, 3]",29.23913956,28.98705482
"[0, 7, 6, 0, 5, 6, 2, 3, 7, 4, 3, 4, 5, 6, 2, 2, 4, 2, 1, 2, 3, 7, 5, 4, 3, 3, 5, 3]",32.97610092,31.23149872
"[0, 7, 6, 7, 4, 0, 4, 1, 7, 1, 0, 2, 7, 3, 7, 1, 5, 4, 1, 7, 4, 2, 2, 6, 1, 5, 5, 4]",34.07012177,33.70043182
"[1, 5, 3, 7, 2, 0, 1, 2, 0, 7, 2, 6, 7, 1, 3, 7, 0, 6, 4, 1, 7, 0, 2, 7, 4, 6, 6, 3]",29.60391617,27.87084007
"[0, 5, 2, 4, 7, 1, 7, 7, 3, 2, 6, 2, 0, 6, 6, 7, 7, 3, 1, 2, 0, 6, 7, 4, 2, 0, 1, 1]",34.71941376,34.26301193
"[3, 2, 2, 2, 4, 7, 1, 2, 1, 7, 5, 6, 0, 6, 5, 5, 6, 2, 7, 2, 5, 7, 6, 1, 0, 0, 7, 1]",inf,26.37805939
"[0, 0, 6, 3, 6, 0, 1, 0, 0, 5, 4, 7, 3, 6, 3, 6, 6, 0, 4, 0, 6, 2, 2, 2, 3, 1, 2, 1]",30.32329559,30.77309608
"[2, 0, 1, 1, 3, 4, 3, 4, 4, 6, 4, 1, 6, 1, 1, 1, 6, 2, 3, 5, 2, 6, 3, 7, 5, 4, 0, 6]",34.27304077,33.82754517
"[4, 6, 3, 3, 1, 7, 4, 0, 6, 1, 1, 2, 1, 5, 0, 1, 3, 5, 3, 6, 6, 6, 6, 3, 1, 1, 4, 6]",33.80203247,33.72119522
"[3, 6, 0, 0, 1, 3, 7, 2, 6, 3, 2, 3, 7, 3, 5, 4, 5, 4, 6, 3, 6, 2, 5, 7, 4, 0, 0, 4]",33.52103806,33.09254074
"[2, 2, 7, 3, 5, 7, 2, 2, 7, 0, 1, 3, 3, 1, 6, 6, 7, 0, 1, 4, 7, 0, 4, 0, 2, 6, 3, 5]",28.9371891,24.75846481
"[0, 4, 4, 3, 3, 7, 6, 5, 2, 3, 5, 6, 6, 4, 2, 7, 1, 3, 3, 7, 2, 0, 5, 1, 0, 1, 2, 1]",33.58514023,33.44331741
"[3, 6, 3, 6, 0, 4, 4, 7, 6, 2, 0, 7, 2, 6, 3, 4, 3, 2, 5, 3, 6, 2, 6, 1, 0, 3, 4, 1]",34.62704849,34.68004227
"[2, 0, 4, 4, 2, 5, 0, 2, 6, 5, 0, 1, 5, 6, 6, 0, 5, 5, 0, 3, 7, 5, 2, 2, 5, 6, 1, 5]",34.86662292,33.04336548
"[5, 4, 2, 5, 4, 6, 6, 0, 4, 3, 4, 6, 3, 3, 4, 6, 7, 0, 2, 2, 0, 4, 7, 5, 3, 3, 2, 7]",29.84776688,29.353302
"[5, 5, 1, 3, 2, 6, 6, 3, 7, 4, 4, 0, 7, 5, 1, 2, 0, 2, 3, 1, 3, 1, 6, 5, 6, 0, 3, 5]",29.17621231,26.06314659
"[4, 3, 5, 3, 6, 6, 6, 6, 0, 1, 5, 4, 2, 6, 6, 1, 1, 4, 0, 3, 4, 2, 5, 7, 2, 4, 5, 1]",29.15305901,28.48327637
"[3, 3, 4, 1, 3, 0, 3, 2, 3, 3, 5, 0, 2, 1, 6, 5, 7, 0, 7, 4, 3, 6, 3, 0, 4, 6, 6, 0]",34.23278809,33.74977875
"[7, 2, 0, 6, 3, 0, 6, 4, 5, 6, 4, 6, 5, 1, 6, 4, 4, 3, 5, 7, 7, 1, 1, 0, 3, 1, 7, 0]",34.13300705,34.06633377
"[5, 7, 1, 5, 4, 7, 6, 6, 2, 1, 6, 4, 1, 7, 7, 4, 6, 4, 1, 6, 6, 0, 4, 2, 2, 4, 5, 2]",35.18031693,34.82865906
"[3, 6, 5, 3, 4, 4, 5, 3, 2, 6, 4, 7, 6, 3, 1, 3, 6, 1, 0, 3, 7, 5, 6, 5, 6, 3, 1, 4]",31.69458008,32.60687637
"[1, 7, 4, 7, 2, 0, 4, 3, 3, 4, 1, 7, 1, 3, 1, 1, 1, 6, 0, 6, 5, 7, 1, 5, 2, 7, 0, 1]",34.40567017,33.83629227
"[2, 4, 5, 4, 1, 0, 3, 7, 5, 2, 3, 0, 2, 6, 0, 3, 1, 7, 4, 5, 4, 5, 2, 6, 4, 4, 5, 4]",34.70723343,34.38153076
"[2, 7, 1, 7, 5, 2, 0, 0, 6, 7, 1, 1, 5, 5, 2, 1, 2, 4, 0, 3, 6, 7, 1, 5, 6, 6, 7, 3]",34.08895493,32.77456665
"[0, 2, 3, 1, 7, 3, 2, 0, 4, 6, 6, 2, 2, 6, 6, 7, 3, 5, 1, 5, 0, 1, 6, 1, 1, 0, 3, 0]",34.01888657,33.47928238
"[0, 0, 2, 3, 1, 5, 3, 6, 6, 6, 3, 7, 4, 5, 4, 2, 3, 6, 6, 5, 6, 7, 7, 7, 6, 7, 6, 1]",28.99253845,28.20418358
"[3, 7, 0, 3, 5, 0, 3, 4, 0, 7, 2, 4, 3, 3, 4, 7, 0, 6, 3, 7, 2, 1, 7, 5, 0, 0, 0, 6]",35.76903915,32.98092651
"[0, 5, 3, 1, 0, 3, 6, 7, 5, 4, 4, 3, 7, 1, 0, 0, 6, 6, 1, 2, 1, 4, 7, 6, 4, 0, 1, 3]",32.76537704,32.42483139
"[7, 5, 7, 2, 1, 6, 5, 0, 4, 0, 7, 2, 3, 2, 3, 7, 5, 5, 6, 0, 2, 2, 6, 2, 2, 1, 5, 3]",28.95902443,27.00237083
"[3, 0, 6, 7, 6, 3, 1, 4, 2, 1, 1, 6, 7, 2, 1, 3, 7, 6, 4, 7, 6, 7, 6, 2, 0, 2, 5, 7]",34.49462509,31.6923027
"[6, 7, 1, 6, 4, 3, 6, 3, 3, 5, 3, 3, 0, 5, 1, 2, 6, 3, 7, 2, 7, 5, 5, 6, 6, 0, 7, 7]",32.27246475,30.04772186
"[0, 6, 3, 1, 2, 5, 7, 3, 3, 1, 2, 3, 3, 4, 7, 5, 0, 5, 6, 6, 3, 6, 1, 5, 7, 0, 1, 7]",32.97825623,32.91302109
"[3, 6, 2, 1, 3, 7, 4, 1, 7, 1, 5, 3, 6, 3, 0, 4, 5, 2, 3, 4, 3, 3, 3, 6, 4, 6, 1, 3]",32.86190414,31.31210899
"[0, 7, 6, 0, 5, 6, 2, 3, 7, 4, 3, 4, 5, 6, 2, 2, 4, 2, 1, 2, 3, 7, 5, 4, 3, 3, 5, 3]",32.42510605,33.28438187
"[0, 7, 6, 7, 4, 0, 4, 1, 7, 1, 0, 2, 7, 3, 7, 1, 5, 4, 1, 7, 4, 2, 2, 6, 1, 5, 5, 4]",34.14423752,33.90233994
"[1, 5, 3, 7, 2, 0, 1, 2, 0, 7, 2, 6, 7, 1, 3, 7, 0, 6, 4, 1, 7, 0, 2, 7, 4, 6, 6, 3]",32.77499008,30.81320953
"[0, 5, 2, 4, 7, 1, 7, 7, 3, 2, 6, 2, 0, 6, 6, 7, 7, 3, 1, 2, 0, 6, 7, 4, 2, 0, 1, 1]",34.96331406,33.35121536
"[5, 7, 1, 5, 4, 7, 6, 6, 2, 1, 6, 4, 1, 7, 7, 4, 6, 4, 1, 6, 6, 0, 4, 2, 2, 4, 5, 2]",35.19055939,34.25877762
"[3, 6, 5, 3, 4, 4, 5, 3, 2, 6, 4, 7, 6, 3, 1, 3, 6, 1, 0, 3, 7, 5, 6, 5, 6, 3, 1, 4]",32.49345398,31.34614372
"[1, 7, 4, 7, 2, 0, 4, 3, 3, 4, 1, 7, 1, 3, 1, 1, 1, 6, 0, 6, 5, 7, 1, 5, 2, 7, 0, 1]",34.36188126,33.73977661
"[2, 4, 5, 4, 1, 0, 3, 7, 5, 2, 3, 0, 2, 6, 0, 3, 1, 7, 4, 5, 4, 5, 2, 6, 4, 4, 5, 4]",34.76038361,34.40650558
"[2, 7, 1, 7, 5, 2, 0, 0, 6, 7, 1, 1, 5, 5, 2, 1, 2, 4, 0, 3, 6, 7, 1, 5, 6, 6, 7, 3]",34.77718735,34.62024307
"[0, 2, 3, 1, 7, 3, 2, 0, 4, 6, 6, 2, 2, 6, 6, 7, 3, 5, 1, 5, 0, 1, 6, 1, 1, 0, 3, 0]",30.06604576,29.13728905
"[0, 0, 2, 3, 1, 5, 3, 6, 6, 6, 3, 7, 4, 5, 4, 2, 3, 6, 6, 5, 6, 7, 7, 7, 6, 7, 6, 1]",28.53696823,23.0784874
"[3, 7, 0, 3, 5, 0, 3, 4, 0, 7, 2, 4, 3, 3, 4, 7, 0, 6, 3, 7, 2, 1, 7, 5, 0, 0, 0, 6]",35.47620392,34.62362289
"[0, 5, 3, 1, 0, 3, 6, 7, 5, 4, 4, 3, 7, 1, 0, 0, 6, 6, 1, 2, 1, 4, 7, 6, 4, 0, 1, 3]",29.94395065,29.15760994
"[7, 5, 7, 2, 1, 6, 5, 0, 4, 0, 7, 2, 3, 2, 3, 7, 5, 5, 6, 0, 2, 2, 6, 2, 2, 1, 5, 3]",28.93539619,27.36334229
"[3, 0, 6, 7, 6, 3, 1, 4, 2, 1, 1, 6, 7, 2, 1, 3, 7, 6, 4, 7, 6, 7, 6, 2, 0, 2, 5, 7]",inf,33.73402786
"[6, 7, 1, 6, 4, 3, 6, 3, 3, 5, 3, 3, 0, 5, 1, 2, 6, 3, 7, 2, 7, 5, 5, 6, 6, 0, 7, 7]",32.30155563,32.16032791
"[0, 6, 3, 1, 2, 5, 7, 3, 3, 1, 2, 3, 3, 4, 7, 5, 0, 5, 6, 6, 3, 6, 1, 5, 7, 0, 1, 7]",29.79039764,25.71682549
"[3, 6, 2, 1, 3, 7, 4, 1, 7, 1, 5, 3, 6, 3, 0, 4, 5, 2, 3, 4, 3, 3, 3, 6, 4, 6, 1, 3]",0,28.98705482
"[0, 7, 6, 0, 5, 6, 2, 3, 7, 4, 3, 4, 5, 6, 2, 2, 4, 2, 1, 2, 3, 7, 5, 4, 3, 3, 5, 3]",0,31.23149872
"[0, 7, 6, 7, 4, 0, 4, 1, 7, 1, 0, 2, 7, 3, 7, 1, 5, 4, 1, 7, 4, 2, 2, 6, 1, 5, 5, 4]",0,33.70043182
"[1, 5, 3, 7, 2, 0, 1, 2, 0, 7, 2, 6, 7, 1, 3, 7, 0, 6, 4, 1, 7, 0, 2, 7, 4, 6, 6, 3]",0,27.87084007
"[0, 5, 2, 4, 7, 1, 7, 7, 3, 2, 6, 2, 0, 6, 6, 7, 7, 3, 1, 2, 0, 6, 7, 4, 2, 0, 1, 1]",0,34.26301193
"[4, 0, 5, 0, 0, 4, 5, 7, 0, 0, 4, 0, 4, 0, 4, 0, 3, 7, 2, 7, 7, 5, 2, 0, 0, 3, 2, 5]",0,26.37805939
"[7, 0, 7, 1, 3, 6, 1, 6, 1, 3, 0, 7, 5, 3, 4, 0, 4, 0, 1, 7, 6, 7, 5, 1, 2, 5, 5, 5]",0,30.77309608
"[7, 0, 4, 7, 6, 3, 0, 5, 3, 5, 0, 7, 4, 7, 4, 2, 7, 3, 0, 7, 6, 7, 3, 4, 4, 7, 1, 5]",0,33.82754517
"[7, 1, 4, 7, 6, 3, 0, 5, 3, 5, 0, 7, 4, 7, 4, 0, 4, 3, 0, 7, 6, 7, 3, 4, 4, 7, 1, 5]",0,33.72119522
"[7, 1, 7, 7, 6, 3, 0, 5, 2, 2, 0, 7, 4, 7, 4, 1, 4, 3, 0, 7, 6, 7, 3, 4, 4, 7, 1, 5]",0,33.09254074
"[7, 1, 4, 7, 6, 3, 0, 5, 3, 5, 0, 7, 4, 7, 4, 3, 4, 3, 0, 7, 6, 0, 3, 4, 4, 7, 1, 5]",0,24.75846481
"[4, 7, 4, 0, 2, 0, 0, 2, 0, 4, 7, 4, 4, 6, 4, 3, 7, 3, 0, 7, 5, 7, 3, 0, 7, 7, 6, 5]",0,33.44331741
"[4, 7, 7, 1, 3, 6, 7, 6, 1, 2, 0, 4, 4, 7, 4, 3, 0, 3, 1, 7, 6, 7, 4, 4, 4, 7, 6, 5]",0,34.68004227
"[6, 5, 1, 4, 2, 2, 5, 7, 6, 2, 0, 7, 4, 6, 0, 1, 6, 2, 5, 4, 2, 5, 5, 4, 1, 5, 2, 5]",0,33.04336548
"[4, 0, 4, 7, 7, 3, 3, 4, 7, 6, 1, 0, 4, 0, 0, 5, 6, 1, 4, 2, 4, 5, 5, 4, 0, 5, 4, 2]",0,29.353302
"[4, 0, 4, 4, 7, 2, 5, 4, 6, 2, 7, 7, 5, 5, 0, 5, 6, 0, 4, 2, 4, 4, 5, 5, 0, 2, 4, 5]",0,26.06314659
"[6, 5, 1, 4, 2, 3, 3, 4, 7, 7, 0, 7, 4, 0, 0, 5, 6, 0, 4, 2, 4, 4, 5, 7, 1, 4, 2, 4]",0,28.48327637
"[4, 7, 4, 1, 7, 3, 5, 7, 7, 6, 2, 0, 4, 7, 0, 5, 7, 0, 2, 2, 4, 4, 2, 4, 0, 2, 4, 7]",0,33.74977875
"[4, 7, 4, 0, 7, 3, 5, 7, 7, 6, 2, 0, 4, 6, 0, 5, 7, 3, 4, 2, 4, 4, 3, 4, 0, 2, 4, 4]",0,34.06633377
"[4, 0, 4, 7, 7, 7, 5, 7, 7, 6, 2, 0, 4, 7, 0, 5, 7, 0, 2, 2, 4, 4, 2, 4, 0, 4, 4, 2]",0,34.82865906
"[4, 7, 4, 0, 7, 3, 5, 7, 7, 6, 2, 0, 4, 7, 0, 5, 7, 3, 4, 2, 4, 4, 3, 4, 0, 2, 4, 4]",0,32.60687637
"[5, 7, 1, 5, 4, 7, 6, 6, 2, 1, 6, 4, 1, 7, 7, 4, 6, 4, 1, 6, 6, 0, 4, 2, 2, 4, 5, 2]",0,33.83629227
"[3, 6, 5, 3, 4, 4, 5, 3, 2, 6, 4, 7, 6, 3, 1, 3, 6, 1, 0, 3, 7, 5, 6, 5, 6, 3, 1, 4]",0,34.38153076
"[1, 7, 4, 7, 2, 0, 4, 3, 3, 4, 1, 7, 1, 3, 1, 1, 1, 6, 0, 6, 5, 7, 1, 5, 2, 7, 0, 1]",0,32.77456665
"[2, 4, 5, 4, 1, 0, 3, 7, 5, 2, 3, 0, 2, 6, 0, 3, 1, 7, 4, 5, 4, 5, 2, 6, 4, 4, 5, 4]",0,33.47928238
"[2, 7, 1, 7, 5, 2, 0, 0, 6, 7, 1, 1, 5, 5, 2, 1, 2, 4, 0, 3, 6, 7, 1, 5, 6, 6, 7, 3]",0,28.20418358
"[0, 2, 3, 1, 7, 3, 2, 0, 4, 6, 6, 2, 2, 6, 6, 7, 3, 5, 1, 5, 0, 1, 6, 1, 1, 0, 3, 0]",0,32.98092651
"[0, 0, 2, 3, 1, 5, 3, 6, 6, 6, 3, 7, 4, 5, 4, 2, 3, 6, 6, 5, 6, 7, 7, 7, 6, 7, 6, 1]",0,32.42483139
"[3, 7, 0, 3, 5, 0, 3, 4, 0, 7, 2, 4, 3, 3, 4, 7, 0, 6, 3, 7, 2, 1, 7, 5, 0, 0, 0, 6]",0,27.00237083
"[0, 5, 3, 1, 0, 3, 6, 7, 5, 4, 4, 3, 7, 1, 0, 0, 6, 6, 1, 2, 1, 4, 7, 6, 4, 0, 1, 3]",0,31.6923027
"[7, 5, 7, 2, 1, 6, 5, 0, 4, 0, 7, 2, 3, 2, 3, 7, 5, 5, 6, 0, 2, 2, 6, 2, 2, 1, 5, 3]",0,30.04772186
"[3, 0, 6, 7, 6, 3, 1, 4, 2, 1, 1, 6, 7, 2, 1, 3, 7, 6, 4, 7, 6, 7, 6, 2, 0, 2, 5, 7]",0,32.91302109
"[6, 7, 1, 6, 4, 3, 6, 3, 3, 5, 3, 3, 0, 5, 1, 2, 6, 3, 7, 2, 7, 5, 5, 6, 6, 0, 7, 7]",0,31.31210899
"[0, 6, 3, 1, 2, 5, 7, 3, 3, 1, 2, 3, 3, 4, 7, 5, 0, 5, 6, 6, 3, 6, 1, 5, 7, 0, 1, 7]",0,33.28438187
"[5, 7, 1, 5, 4, 7, 6, 6, 2, 1, 6, 4, 1, 7, 7, 4, 6, 4, 1, 6, 6, 0, 4, 2, 2, 4, 5, 2]",33.599823,33.2288628
"[3, 6, 5, 3, 4, 4, 5, 3, 2, 6, 4, 7, 6, 3, 1, 3, 6, 1, 0, 3, 7, 5, 6, 5, 6, 3, 1, 4]",31.8370476,32.0254326
"[1, 7, 4, 7, 2, 0, 4, 3, 3, 4, 1, 7, 1, 3, 1, 1, 1, 6, 0, 6, 5, 7, 1, 5, 2, 7, 0, 1]",33.3765106,33.6525879
"[2, 4, 5, 4, 1, 0, 3, 7, 5, 2, 3, 0, 2, 6, 0, 3, 1, 7, 4, 5, 4, 5, 2, 6, 4, 4, 5, 4]",inf,33.3823662
"[2, 7, 1, 7, 5, 2, 0, 0, 6, 7, 1, 1, 5, 5, 2, 1, 2, 4, 0, 3, 6, 7, 1, 5, 6, 6, 7, 3]",32.5872688,33.1122284
"[0, 2, 3, 1, 7, 3, 2, 0, 4, 6, 6, 2, 2, 6, 6, 7, 3, 5, 1, 5, 0, 1, 6, 1, 1, 0, 3, 0]",30.844614,32.2823525
"[0, 0, 2, 3, 1, 5, 3, 6, 6, 6, 3, 7, 4, 5, 4, 2, 3, 6, 6, 5, 6, 7, 7, 7, 6, 7, 6, 1]",27.0960598,27.8099003
"[3, 7, 0, 3, 5, 0, 3, 4, 0, 7, 2, 4, 3, 3, 4, 7, 0, 6, 3, 7, 2, 1, 7, 5, 0, 0, 0, 6]",34.139473,32.3514023
"[0, 5, 3, 1, 0, 3, 6, 7, 5, 4, 4, 3, 7, 1, 0, 0, 6, 6, 1, 2, 1, 4, 7, 6, 4, 0, 1, 3]",32.88937,32.8464813
"[7, 5, 7, 2, 1, 6, 5, 0, 4, 0, 7, 2, 3, 2, 3, 7, 5, 5, 6, 0, 2, 2, 6, 2, 2, 1, 5, 3]",27.735672,27.4131603
"[3, 0, 6, 7, 6, 3, 1, 4, 2, 1, 1, 6, 7, 2, 1, 3, 7, 6, 4, 7, 6, 7, 6, 2, 0, 2, 5, 7]",33.178978,33.7510414
"[6, 7, 1, 6, 4, 3, 6, 3, 3, 5, 3, 3, 0, 5, 1, 2, 6, 3, 7, 2, 7, 5, 5, 6, 6, 0, 7, 7]",28.5330563,27.0571461
"[3, 5, 7, 0, 0, 2, 7, 4, 5, 2, 6, 4, 6, 0, 6, 2, 5, 6, 4, 0, 0, 1, 5, 1, 7, 4, 4, 6]",31.7444649,31.0737743
"[2, 0, 1, 3, 7, 7, 0, 7, 5, 5, 6, 6, 4, 6, 2, 6, 7, 3, 1, 2, 6, 7, 1, 6, 6, 3, 5, 1]",33.4223366,33.8536911
"[0, 1, 2, 4, 0, 6, 4, 4, 1, 3, 4, 3, 1, 7, 6, 5, 1, 3, 6, 7, 3, 2, 6, 2, 2, 7, 3, 6]",32.1060753,32.3187752
"[6, 6, 6, 5, 7, 7, 0, 0, 0, 4, 0, 7, 4, 3, 6, 7, 3, 3, 4, 2, 1, 5, 3, 1, 5, 7, 5, 4]",33.6327477,33.6116028
"[4, 4, 5, 4, 3, 7, 7, 4, 1, 3, 0, 3, 4, 4, 3, 1, 5, 7, 5, 0, 2, 7, 6, 4, 5, 1, 5, 6]",28.1733437,29.0133209
"[4, 6, 5, 2, 6, 5, 1, 3, 7, 5, 1, 5, 2, 7, 1, 0, 1, 1, 7, 5, 5, 4, 3, 7, 3, 7, 3, 0]",32.0960465,32.822258
"[4, 3, 7, 0, 7, 7, 4, 7, 3, 7, 7, 4, 1, 0, 7, 6, 6, 0, 7, 0, 4, 2, 5, 4, 1, 4, 7, 5]",32.7521896,32.9410744
"[1, 4, 5, 2, 7, 2, 7, 1, 4, 6, 0, 2, 7, 3, 0, 5, 4, 1, 5, 3, 6, 2, 5, 5, 7, 4, 3, 7]",32.9937706,31.0705357
"[0, 4, 6, 3, 1, 7, 5, 3, 2, 2, 6, 1, 3, 0, 6, 1, 1, 6, 6, 4, 7, 4, 6, 0, 7, 4, 5, 1]",32.2327309,32.6071205
"[7, 2, 4, 0, 3, 1, 3, 3, 2, 7, 4, 4, 1, 4, 6, 4, 6, 5, 6, 6, 1, 3, 2, 1, 6, 7, 1, 2]",28.1920567,24.7191238
"[3, 7, 5, 3, 3, 2, 4, 0, 4, 7, 4, 1, 2, 2, 7, 5, 4, 3, 0, 7, 5, 2, 4, 4, 0, 5, 3, 0]",33.1961937,33.2529144
"[7, 3, 5, 5, 7, 4, 2, 5, 1, 6, 3, 4, 0, 6, 5, 6, 7, 4, 6, 4, 2, 6, 6, 0, 2, 6, 2, 7]",33.7557106,33.0705757
"[7, 1, 1, 5, 0, 2, 4, 7, 4, 0, 2, 0, 3, 1, 1, 6, 2, 7, 1, 4, 4, 7, 0, 5, 3, 0, 0, 1]",33.0195351,33.2348709
"[3, 1, 7, 1, 3, 2, 2, 3, 7, 5, 2, 1, 7, 4, 1, 3, 6, 4, 3, 5, 3, 6, 0, 0, 3, 7, 0, 5]",27.5629063,27.260273
"[4, 2, 2, 2, 4, 2, 7, 1, 7, 5, 0, 2, 2, 5, 7, 0, 7, 4, 5, 0, 5, 7, 2, 6, 7, 7, 2, 6]",28.1524925,28.4176998
"[2, 1, 6, 5, 7, 4, 6, 5, 1, 7, 1, 4, 5, 5, 1, 2, 1, 4, 1, 4, 1, 0, 0, 2, 3, 7, 6, 6]",32.7850037,28.4348106
"[0, 2, 4, 2, 2, 7, 5, 4, 6, 1, 0, 0, 7, 1, 4, 6, 7, 5, 3, 3, 0, 4, 2, 7, 2, 0, 6, 4]",32.4599342,32.551178
"[0, 5, 3, 4, 7, 0, 7, 2, 0, 7, 6, 4, 0, 5, 1, 6, 1, 1, 0, 7, 4, 5, 7, 6, 7, 7, 4, 2]",34.0271149,34.1233559
"[7, 2, 6, 2, 0, 0, 4, 4, 0, 2, 2, 2, 0, 3, 1, 3, 0, 2, 1, 3, 0, 5, 4, 5, 3, 4, 1, 5]",32.5431137,30.5235786
"[6, 6, 3, 0, 1, 4, 3, 7, 7, 3, 7, 6, 6, 4, 3, 2, 7, 2, 6, 2, 4, 2, 3, 1, 4, 7, 0, 1]",33.4476433,29.72995
"[3, 7, 2, 3, 3, 4, 7, 4, 0, 4, 1, 0, 7, 1, 1, 3, 6, 5, 7, 4, 2, 6, 5, 4, 2, 3, 3, 7]",34.0535965,34.0278931
"[5, 1, 0, 1, 0, 5, 4, 7, 5, 5, 2, 1, 3, 4, 1, 3, 1, 4, 5, 2, 6, 1, 5, 1, 6, 6, 4, 3]",33.2121658,32.8264465
"[5, 0, 7, 6, 6, 1, 6, 1, 6, 1, 1, 6, 2, 6, 1, 2, 0, 1, 0, 7, 3, 3, 1, 1, 3, 1, 0, 6]",32.651165,33.2186813
"[7, 4, 2, 1, 3, 3, 6, 6, 3, 5, 1, 4, 3, 7, 1, 0, 3, 0, 5, 1, 7, 1, 0, 6, 0, 2, 7, 1]",inf,32.0461769
"[4, 4, 1, 6, 7, 1, 6, 2, 4, 7, 0, 0, 6, 1, 1, 0, 7, 6, 1, 5, 0, 4, 1, 3, 3, 5, 3, 5]",33.1808739,33.2713127
"[7, 3, 2, 2, 3, 1, 0, 3, 4, 1, 1, 4, 1, 0, 2, 0, 7, 3, 0, 7, 3, 5, 4, 1, 7, 2, 2, 1]",33.7206039,33.9549446
"[1, 0, 1, 5, 3, 6, 5, 3, 3, 2, 6, 0, 7, 7, 0, 6, 2, 0, 2, 1, 4, 2, 1, 0, 2, 2, 2, 3]",33.4519959,33.3504372
"[7, 5, 0, 3, 1, 6, 1, 6, 5, 0, 5, 6, 0, 6, 6, 6, 3, 2, 5, 0, 5, 4, 7, 5, 6, 3, 5, 5]",33.3916512,33.4187851
"[6, 1, 5, 3, 0, 5, 5, 3, 0, 2, 5, 3, 3, 6, 3, 1, 4, 4, 7, 5, 6, 2, 5, 0, 5, 2, 1, 1]",inf,29.7648563
"[1, 5, 7, 3, 4, 6, 4, 7, 3, 3, 3, 0, 2, 7, 5, 0, 7, 2, 4, 2, 3, 6, 2, 1, 0, 1, 7, 5]",33.6256294,33.579937
"[3, 0, 4, 3, 4, 5, 1, 3, 0, 5, 6, 5, 4, 7, 3, 3, 6, 7, 0, 1, 2, 1, 7, 6, 0, 6, 5, 3]",33.4338532,33.8359985
"[0, 0, 5, 2, 5, 4, 0, 1, 4, 7, 5, 2, 6, 0, 3, 6, 0, 0, 3, 3, 5, 6, 5, 3, 0, 0, 1, 5]",32.8214531,32.9581299
"[6, 5, 0, 4, 1, 7, 6, 0, 2, 5, 7, 0, 1, 4, 3, 6, 3, 7, 0, 7, 7, 7, 2, 3, 5, 4, 5, 7]",33.037487,32.1402855
"[6, 5, 2, 2, 4, 3, 6, 1, 7, 2, 6, 3, 2, 0, 1, 4, 4, 4, 3, 1, 5, 6, 4, 2, 6, 5, 7, 1]",31.4150181,32.0109673
"[0, 3, 6, 1, 4, 1, 3, 6, 2, 1, 4, 1, 4, 7, 2, 7, 2, 5, 6, 0, 3, 5, 4, 4, 7, 4, 6, 1]",28.5874767,28.4813271
"[4, 4, 3, 5, 0, 0, 6, 3, 7, 3, 0, 7, 3, 1, 2, 1, 4, 1, 5, 2, 2, 0, 5, 7, 4, 5, 5, 1]",31.5849266,32.3926201
"[5, 6, 7, 3, 4, 5, 3, 1, 6, 5, 1, 2, 5, 4, 2, 5, 6, 6, 5, 7, 2, 6, 6, 6, 1, 5, 5, 7]",31.6113339,25.7664452
"[2, 5, 7, 7, 2, 4, 2, 3, 1, 1, 0, 3, 7, 4, 2, 3, 7, 4, 0, 4, 5, 7, 2, 1, 5, 6, 0, 7]",30.8194656,30.2374115
"[3, 3, 3, 5, 3, 0, 7, 5, 7, 7, 7, 0, 3, 3, 2, 2, 4, 3, 5, 7, 6, 7, 5, 0, 6, 1, 5, 0]",32.5808106,29.6414337
"[4, 5, 0, 5, 1, 7, 1, 6, 7, 5, 5, 2, 1, 6, 5, 7, 1, 7, 3, 1, 0, 7, 0, 1, 5, 4, 0, 2]",28.4842281,29.2800045
"[0, 1, 7, 0, 6, 6, 3, 0, 2, 6, 1, 5, 5, 0, 6, 6, 0, 0, 3, 1, 4, 0, 2, 7, 2, 1, 1, 4]",32.3468971,33.036747
"[5, 2, 7, 4, 4, 1, 2, 0, 7, 4, 3, 7, 4, 6, 2, 3, 3, 3, 4, 7, 1, 4, 0, 0, 7, 5, 6, 0]",33.4714317,33.0892792
"[6, 5, 5, 6, 1, 1, 1, 7, 3, 0, 0, 2, 1, 1, 6, 7, 0, 0, 5, 3, 4, 1, 7, 6, 0, 1, 5, 7]",32.6308823,32.4173775
"[1, 1, 2, 3, 6, 6, 6, 4, 4, 2, 3, 7, 2, 5, 6, 6, 5, 4, 6, 0, 2, 3, 6, 5, 0, 2, 7, 5]",12.1052408,12.13095
"[4, 6, 2, 1, 7, 3, 0, 1, 2, 1, 4, 2, 6, 2, 4, 1, 7, 1, 7, 1, 5, 3, 5, 3, 5, 0, 4, 2]",25.9358482,26.3819714
"[5, 2, 5, 6, 0, 6, 3, 3, 1, 2, 2, 6, 3, 1, 4, 7, 0, 4, 4, 7, 4, 4, 1, 0, 2, 1, 5, 3]",inf,22.4709625
"[7, 1, 5, 4, 4, 4, 0, 7, 1, 1, 0, 5, 6, 7, 6, 0, 2, 7, 6, 0, 3, 2, 5, 7, 1, 5, 1, 4]",28.0618401,28.5862293
"[3, 2, 1, 1, 3, 2, 2, 7, 5, 2, 0, 7, 4, 7, 2, 3, 4, 6, 3, 3, 7, 3, 4, 3, 0, 6, 3, 7]",12.1118326,12.1674662
"[7, 5, 1, 4, 0, 4, 3, 3, 1, 3, 7, 0, 5, 3, 7, 6, 3, 7, 5, 1, 4, 1, 7, 0, 5, 4, 4, 7]",20.4294071,21.4492855
"[3, 7, 0, 6, 6, 6, 5, 1, 5, 4, 1, 2, 4, 6, 7, 6, 0, 1, 3, 3, 2, 0, 3, 5, 5, 2, 2, 3]",25.159811,23.8598671
"[0, 0, 5, 4, 0, 1, 6, 1, 3, 3, 1, 6, 6, 3, 7, 6, 1, 3, 6, 4, 2, 3, 6, 6, 6, 0, 3, 3]",20.0190163,18.050354
"[0, 3, 7, 4, 6, 1, 1, 5, 6, 2, 7, 1, 3, 0, 0, 4, 6, 0, 7, 1, 5, 4, 1, 3, 4, 3, 7, 1]",26.5991917,27.1830597
"[0, 4, 5, 1, 6, 4, 1, 0, 3, 0, 3, 6, 5, 4, 4, 6, 2, 1, 0, 3, 6, 0, 0, 1, 4, 7, 7, 2]",26.1622734,22.6743965
"[6, 5, 3, 5, 1, 6, 4, 7, 7, 4, 2, 1, 6, 2, 7, 6, 3, 2, 6, 1, 4, 0, 0, 0, 5, 5, 4, 1]",24.1767445,21.0403538
"[6, 5, 3, 5, 6, 2, 1, 3, 4, 5, 0, 4, 0, 2, 2, 5, 4, 5, 4, 6, 5, 1, 3, 0, 3, 6, 4, 1]",25.8375053,26.376379
"[1, 0, 6, 6, 4, 7, 7, 4, 5, 1, 5, 6, 6, 7, 0, 4, 1, 6, 3, 5, 4, 7, 3, 3, 6, 5, 4, 7]",12.09939,12.1963034
"[5, 0, 1, 3, 6, 2, 1, 2, 5, 7, 5, 0, 6, 5, 6, 7, 6, 0, 3, 4, 6, 5, 3, 0, 5, 2, 1, 2]",23.6660004,25.2662754
"[5, 2, 6, 2, 5, 0, 2, 6, 0, 1, 6, 3, 3, 7, 4, 4, 1, 0, 5, 1, 6, 4, 3, 2, 4, 7, 1, 5]",25.2944851,24.9065075
"[3, 1, 3, 1, 6, 3, 0, 7, 2, 1, 4, 7, 3, 4, 2, 4, 1, 1, 2, 6, 6, 6, 4, 7, 4, 5, 4, 4]",22.3373928,25.410656
"[1, 1, 0, 5, 0, 7, 4, 4, 1, 7, 6, 2, 2, 4, 5, 3, 4, 5, 4, 5, 4, 0, 1, 6, 7, 1, 3, 3]",23.9455376,22.0504417
"[3, 5, 6, 3, 7, 7, 6, 3, 1, 3, 7, 4, 5, 1, 0, 5, 5, 2, 7, 4, 3, 0, 4, 4, 2, 6, 1, 7]",12.106061,12.1041622
"[7, 0, 0, 1, 4, 5, 7, 7, 1, 3, 5, 2, 2, 0, 1, 1, 2, 5, 3, 7, 1, 6, 3, 6, 6, 4, 2, 4]",25.1765652,25.2348881
"[1, 0, 5, 5, 4, 7, 3, 4, 2, 2, 1, 3, 1, 4, 5, 5, 0, 7, 1, 0, 1, 2, 1, 6, 2, 2, 5, 4]",21.5645447,22.8759556
"[5, 5, 7, 0, 4, 5, 2, 0, 5, 0, 7, 0, 0, 0, 2, 0, 3, 2, 5, 4, 0, 5, 1, 3, 6, 1, 0, 2]",21.4809132,22.6771298
"[7, 4, 3, 7, 7, 2, 0, 7, 0, 5, 6, 4, 3, 4, 6, 5, 0, 0, 5, 2, 7, 3, 0, 7, 4, 7, 7, 2]",inf,19.7108784
"[6, 6, 7, 6, 3, 5, 4, 5, 2, 7, 2, 3, 7, 7, 6, 7, 5, 7, 5, 3, 6, 0, 3, 7, 2, 4, 0, 5]",21.0376968,20.1644821
"[5, 4, 2, 4, 6, 7, 6, 3, 0, 2, 2, 5, 0, 5, 3, 2, 7, 4, 2, 4, 7, 0, 4, 7, 3, 5, 5, 5]",21.5062161,22.3494492
"[5, 7, 3, 7, 6, 7, 5, 2, 7, 0, 3, 1, 6, 6, 3, 6, 7, 0, 5, 4, 0, 1, 4, 7, 7, 4, 0, 4]",20.4103432,20.4439373
"[7, 5, 7, 2, 2, 0, 1, 2, 3, 4, 3, 7, 5, 6, 1, 2, 2, 5, 3, 0, 6, 1, 1, 6, 4, 5, 2, 4]",21.2890244,22.3408051
"[4, 7, 2, 0, 1, 3, 1, 0, 5, 6, 4, 2, 2, 6, 7, 6, 5, 7, 6, 4, 1, 6, 4, 5, 3, 0, 1, 4]",20.4508801,21.7617455
"[2, 1, 3, 4, 4, 2, 2, 7, 6, 4, 6, 6, 6, 6, 2, 5, 0, 6, 4, 0, 4, 6, 4, 2, 6, 5, 1, 2]",23.3880558,23.0827675
"[4, 0, 1, 0, 6, 7, 7, 0, 1, 5, 7, 4, 0, 0, 4, 7, 7, 3, 3, 2, 7, 3, 5, 3, 2, 1, 4, 5]",29.1153221,25.4452763
"[2, 7, 3, 2, 2, 7, 0, 1, 6, 3, 2, 7, 2, 1, 4, 2, 6, 5, 2, 3, 2, 0, 2, 0, 3, 4, 5, 3]",23.6885166,24.0479565
"[5, 4, 3, 4, 0, 3, 0, 5, 4, 7, 2, 5, 1, 1, 3, 2, 3, 7, 7, 4, 3, 2, 6, 4, 2, 5, 3, 5]",12.1091433,12.1747637
"[5, 0, 0, 4, 3, 5, 2, 4, 5, 3, 3, 3, 4, 2, 2, 5, 0, 5, 3, 6, 3, 7, 6, 2, 1, 3, 4, 3]",21.3922234,23.316658
"[7, 3, 6, 0, 1, 6, 3, 2, 3, 5, 1, 6, 3, 2, 3, 6, 3, 0, 5, 5, 0, 1, 1, 6, 6, 5, 6, 0]",21.2469559,22.0234909
"[0, 5, 0, 1, 2, 0, 1, 0, 5, 6, 7, 3, 3, 5, 3, 3, 1, 1, 4, 4, 3, 4, 3, 0, 5, 1, 3, 3]",21.9874401,22.6395588
"[0, 4, 6, 2, 2, 3, 2, 1, 3, 0, 1, 2, 1, 2, 3, 2, 5, 5, 5, 6, 0, 2, 1, 0, 0, 6, 6, 4]",25.3916378,19.7655582
"[7, 7, 5, 7, 2, 7, 0, 4, 4, 2, 3, 7, 6, 2, 0, 1, 2, 3, 4, 7, 7, 3, 4, 5, 6, 1, 6, 5]",24.8935394,26.087471